지역,전체단지수,관리비등록단지수,공용관리비용,세대사용비용,장기수선충당금,잡수입,년도,월
서울시 전체,2811,2228,1085.15,962.79,145.35,170.18,2020,1
강남구,225,152,1150.25,1263.36,115.0,169.32,2020,1
강동구,122,84,979.12,1114.07,103.53,162.3,2020,1
강북구,47,38,995.7,684.55,121.88,141.97,2020,1
강서구,168,138,960.57,1124.35,151.39,149.88,2020,1
관악구,73,51,905.37,798.0,146.38,123.18,2020,1
광진구,69,55,1318.58,773.65,163.65,149.14,2020,1
구로구,141,112,922.34,828.96,149.37,115.52,2020,1
금천구,41,34,919.85,763.71,158.19,187.63,2020,1
노원구,214,181,1108.58,1129.89,215.21,118.68,2020,1
도봉구,104,93,1005.99,755.46,199.63,105.52,2020,1
동대문구,107,78,944.06,702.99,118.64,206.87,2020,1
동작구,119,92,1102.81,922.81,184.09,147.47,2020,1
마포구,121,103,1136.74,1151.39,136.68,183.35,2020,1
서대문구,80,70,1058.41,861.62,121.05,197.04,2020,1
서초구,158,114,1270.77,1380.52,117.42,244.06,2020,1
성동구,111,101,1040.42,717.08,157.92,230.27,2020,1
성북구,133,105,911.26,719.17,148.54,139.72,2020,1
송파구,140,124,1117.0,1455.79,111.24,160.56,2020,1
양천구,118,96,1209.82,1367.14,140.58,258.0,2020,1
영등포구,159,126,1156.58,966.59,150.98,181.2,2020,1
용산구,66,52,1528.57,1299.6,138.75,153.51,2020,1
은평구,124,98,1009.13,1087.78,109.88,180.66,2020,1
종로구,27,22,1196.01,668.98,153.26,203.94,2020,1
중구,44,28,1214.46,658.74,159.47,223.8,2020,1
중랑구,100,81,966.37,873.56,161.01,120.86,2020,1
서울시 전체,2811,2230,1078.99,914.68,147.08,144.85,2020,2
강남구,225,151,1376.07,1414.15,141.26,179.78,2020,2
강동구,122,84,897.66,980.19,96.48,114.84,2020,2
강북구,47,38,1002.08,671.98,121.88,113.55,2020,2
강서구,168,138,958.76,1051.24,151.11,108.83,2020,2
관악구,73,51,898.35,778.84,147.08,144.42,2020,2
광진구,69,55,1301.13,755.01,163.7,115.14,2020,2
구로구,141,112,911.63,796.02,149.93,104.85,2020,2
금천구,41,34,887.9,718.27,158.57,203.79,2020,2
노원구,214,182,1099.82,1049.29,214.27,75.56,2020,2
도봉구,104,94,997.11,713.25,201.96,77.73,2020,2
동대문구,107,78,942.07,689.66,115.49,124.61,2020,2
동작구,119,92,1092.98,860.05,184.67,144.69,2020,2
마포구,121,105,1103.85,1065.84,133.14,163.65,2020,2
서대문구,80,71,1018.29,805.36,118.61,175.57,2020,2
서초구,158,114,1254.73,1305.68,120.7,198.65,2020,2
성동구,111,100,1037.37,683.16,161.11,191.17,2020,2
성북구,133,105,902.84,679.29,150.16,104.19,2020,2
송파구,140,125,1090.53,1352.95,111.98,136.98,2020,2
양천구,118,95,1207.27,1276.03,143.11,229.03,2020,2
영등포구,159,126,1137.38,909.96,149.06,152.2,2020,2
용산구,66,51,1521.38,1229.2,138.3,127.45,2020,2
은평구,124,98,990.97,1018.74,110.66,131.99,2020,2
종로구,27,22,1184.29,600.89,169.19,213.15,2020,2
중구,44,28,1198.67,648.77,163.27,199.37,2020,2
중랑구,100,81,961.68,813.28,161.38,90.01,2020,2
서울시 전체,2811,2237,1070.31,823.81,146.27,142.91,2020,3
강남구,225,154,1122.2,1024.67,116.05,122.84,2020,3
강동구,122,84,972.94,937.81,97.91,122.28,2020,3
강북구,47,37,992.94,633.85,121.75,135.67,2020,3
강서구,168,138,960.56,931.53,152.08,144.47,2020,3
관악구,73,50,920.17,691.81,152.41,125.65,2020,3
광진구,69,54,1276.13,681.88,164.17,131.07,2020,3
구로구,141,112,925.65,731.08,150.0,117.76,2020,3
금천구,41,34,886.68,694.41,158.57,133.13,2020,3
노원구,214,182,1098.72,916.67,215.76,100.85,2020,3
도봉구,104,94,994.65,650.56,203.05,117.17,2020,3
동대문구,107,79,940.59,627.37,116.4,141.96,2020,3
동작구,119,94,1080.86,779.65,186.61,151.71,2020,3
마포구,121,105,1109.07,958.74,135.57,190.01,2020,3
서대문구,80,71,1055.32,771.56,118.99,143.98,2020,3
서초구,158,115,1255.33,1154.3,119.2,185.82,2020,3
성동구,111,99,1026.96,634.01,162.81,187.71,2020,3
성북구,133,105,898.68,666.85,150.16,111.02,2020,3
송파구,140,125,1079.04,1164.07,110.71,127.95,2020,3
양천구,118,95,1201.14,1123.34,143.65,239.63,2020,3
영등포구,159,129,1139.1,815.5,150.19,163.0,2020,3
용산구,66,51,1509.69,1077.68,138.48,147.82,2020,3
은평구,124,99,992.44,923.44,111.78,111.16,2020,3
종로구,27,22,1170.83,637.53,156.05,175.99,2020,3
중구,44,28,1182.8,616.41,162.46,146.2,2020,3
중랑구,100,81,965.2,750.67,161.79,97.81,2020,3
서울시 전체,2811,2245,1067.31,731.18,147.67,166.64,2020,4
강남구,225,156,1333.68,1029.1,141.73,300.27,2020,4
강동구,122,86,969.41,822.0,98.27,114.99,2020,4
강북구,47,38,971.28,609.86,121.88,132.08,2020,4
강서구,168,138,952.63,764.79,152.26,136.78,2020,4
관악구,73,49,893.11,664.92,151.38,99.66,2020,4
광진구,69,55,1240.95,630.58,166.28,139.12,2020,4
구로구,141,114,908.38,673.37,149.66,138.58,2020,4
금천구,41,34,880.23,613.56,164.13,130.23,2020,4
노원구,214,183,1086.86,739.5,210.4,184.66,2020,4
도봉구,104,93,985.33,569.58,202.92,116.65,2020,4
동대문구,107,77,934.59,614.31,118.57,136.59,2020,4
동작구,119,95,1049.89,693.86,182.9,139.96,2020,4
마포구,121,105,1104.87,835.17,133.81,176.35,2020,4
서대문구,80,71,1034.86,702.52,118.99,163.77,2020,4
서초구,158,113,1257.14,990.15,121.01,193.93,2020,4
성동구,111,99,1023.05,592.47,164.92,201.34,2020,4
성북구,133,105,896.59,619.4,151.38,187.01,2020,4
송파구,140,127,1073.85,964.45,110.53,125.53,2020,4
양천구,118,96,1166.88,853.75,138.92,275.44,2020,4
영등포구,159,130,1133.81,726.46,154.4,208.95,2020,4
용산구,66,51,1489.08,935.81,141.99,165.61,2020,4
은평구,124,99,984.27,817.59,112.2,164.38,2020,4
종로구,27,22,1179.58,565.28,159.08,148.48,2020,4
중구,44,28,1176.89,605.66,162.46,188.81,2020,4
중랑구,100,81,955.6,645.31,161.59,196.91,2020,4
서울시 전체,2811,2254,1057.69,620.76,147.52,150.86,2020,5
강남구,225,161,1097.96,631.56,115.82,174.46,2020,5
강동구,122,86,973.98,692.51,103.76,121.98,2020,5
강북구,47,38,983.87,559.27,129.65,115.6,2020,5
강서구,168,136,952.02,633.97,158.89,124.23,2020,5
관악구,73,51,893.37,565.59,151.12,118.44,2020,5
광진구,69,53,1233.2,565.04,169.6,179.1,2020,5
구로구,141,113,907.38,588.07,150.26,115.92,2020,5
금천구,41,34,889.02,568.83,164.5,138.55,2020,5
노원구,214,184,1080.96,586.35,211.68,132.16,2020,5
도봉구,104,94,985.44,490.7,204.18,111.05,2020,5
동대문구,107,77,941.08,586.16,119.21,129.83,2020,5
동작구,119,94,1038.62,602.11,182.81,149.08,2020,5
마포구,121,106,1104.0,687.25,132.85,172.84,2020,5
서대문구,80,71,1033.69,641.37,120.24,167.09,2020,5
서초구,158,114,1257.51,764.39,119.94,208.0,2020,5
성동구,111,99,1021.17,540.52,162.39,204.25,2020,5
성북구,133,106,896.69,595.3,152.06,125.29,2020,5
송파구,140,126,1076.79,762.8,111.92,131.91,2020,5
양천구,118,97,1174.43,680.23,132.38,227.2,2020,5
영등포구,159,130,1139.78,616.45,156.05,155.75,2020,5
용산구,66,51,1481.65,720.66,142.0,149.14,2020,5
은평구,124,100,961.04,677.57,106.81,164.85,2020,5
종로구,27,22,1175.62,611.53,163.24,190.95,2020,5
중구,44,30,1190.41,577.48,164.43,163.77,2020,5
중랑구,100,81,952.63,573.2,162.26,99.97,2020,5
서울시 전체,2811,2257,1068.67,647.07,146.91,160.36,2020,6
강남구,225,159,1333.01,774.98,142.7,199.38,2020,6
강동구,122,87,948.67,710.76,102.24,122.72,2020,6
강북구,47,38,981.25,596.74,130.16,193.74,2020,6
강서구,168,135,943.16,601.61,155.86,141.07,2020,6
관악구,73,52,904.99,569.41,152.98,139.02,2020,6
광진구,69,55,1237.81,637.21,167.89,120.17,2020,6
구로구,141,114,907.68,606.12,149.88,122.07,2020,6
금천구,41,34,873.96,580.64,165.14,131.91,2020,6
노원구,214,184,1085.74,557.63,210.75,93.55,2020,6
도봉구,104,94,996.43,484.7,203.79,122.61,2020,6
동대문구,107,78,936.72,643.12,119.62,148.59,2020,6
동작구,119,94,1044.2,618.31,183.28,168.04,2020,6
마포구,121,108,1096.92,715.88,134.29,154.14,2020,6
서대문구,80,71,1042.39,675.32,121.03,149.03,2020,6
서초구,158,112,1266.66,817.09,121.47,228.77,2020,6
성동구,111,99,1027.64,586.38,118.6,232.2,2020,6
성북구,133,106,901.56,634.54,153.59,122.27,2020,6
송파구,140,126,1099.69,755.95,112.6,136.61,2020,6
양천구,118,97,1169.37,628.26,133.21,254.61,2020,6
영등포구,159,130,1141.49,662.24,154.27,190.35,2020,6
용산구,66,50,1505.75,764.72,145.14,148.34,2020,6
은평구,124,100,957.54,673.82,104.75,173.13,2020,6
종로구,27,22,1197.82,648.08,165.71,203.84,2020,6
중구,44,30,1191.55,676.8,166.6,186.4,2020,6
중랑구,100,82,924.88,556.4,157.09,126.53,2020,6
서울시 전체,2811,2268,1075.15,617.27,147.27,144.29,2020,7
강남구,225,160,1335.8,743.71,140.39,175.76,2020,7
강동구,122,88,984.51,677.27,105.93,106.41,2020,7
강북구,47,38,987.33,546.42,130.16,121.92,2020,7
강서구,168,139,954.15,560.95,153.89,128.74,2020,7
관악구,73,51,876.92,500.53,158.36,107.6,2020,7
광진구,69,55,1249.78,600.66,168.53,133.2,2020,7
구로구,141,114,920.78,572.3,152.99,107.7,2020,7
금천구,41,34,877.64,558.0,166.6,130.76,2020,7
노원구,214,184,1078.16,514.88,212.09,83.72,2020,7
도봉구,104,96,986.9,451.56,203.55,90.73,2020,7
동대문구,107,78,935.18,618.89,121.16,139.13,2020,7
동작구,119,94,1048.17,592.52,179.56,119.47,2020,7
마포구,121,106,1117.93,669.84,136.24,166.2,2020,7
서대문구,80,71,1051.48,628.08,121.03,157.32,2020,7
서초구,158,116,1267.45,785.64,118.97,234.8,2020,7
성동구,111,99,1032.64,588.45,118.77,198.63,2020,7
성북구,133,107,909.89,601.96,155.93,134.39,2020,7
송파구,140,127,1104.32,710.33,111.97,145.06,2020,7
양천구,118,98,1170.82,597.8,134.35,204.03,2020,7
영등포구,159,131,1156.09,637.15,155.49,167.25,2020,7
용산구,66,50,1515.43,779.33,146.07,158.91,2020,7
은평구,124,97,986.09,666.09,106.33,128.64,2020,7
종로구,27,23,1187.42,641.75,156.1,165.82,2020,7
중구,44,30,1219.62,659.57,171.35,186.53,2020,7
중랑구,100,82,924.14,528.19,155.93,114.64,2020,7
서울시 전체,2811,2262,1070.27,780.56,149.07,146.84,2020,8
강남구,225,159,1334.01,981.39,143.48,169.82,2020,8
강동구,122,87,978.8,872.33,106.42,104.96,2020,8
강북구,47,38,979.61,706.06,130.16,111.22,2020,8
강서구,168,136,955.5,697.35,155.16,105.93,2020,8
관악구,73,51,868.81,595.89,161.4,115.95,2020,8
광진구,69,54,1225.77,776.94,169.02,124.58,2020,8
구로구,141,115,914.76,707.22,158.65,124.57,2020,8
금천구,41,34,848.11,683.96,166.6,164.11,2020,8
노원구,214,185,1078.01,617.41,212.38,197.23,2020,8
도봉구,104,96,994.38,541.17,203.03,83.32,2020,8
동대문구,107,78,934.42,723.88,122.98,126.07,2020,8
동작구,119,91,1034.81,719.16,182.1,120.64,2020,8
마포구,121,106,1099.2,859.51,146.97,173.88,2020,8
서대문구,80,73,1037.85,804.58,125.68,165.56,2020,8
서초구,158,114,1262.96,1024.05,120.29,236.59,2020,8
성동구,111,99,1040.77,711.29,118.64,192.95,2020,8
성북구,133,107,909.42,765.53,156.7,116.32,2020,8
송파구,140,127,1102.57,907.08,111.79,117.03,2020,8
양천구,118,97,1179.11,776.38,133.97,302.89,2020,8
영등포구,159,131,1149.82,802.37,153.72,152.27,2020,8
용산구,66,51,1504.2,998.88,148.45,141.29,2020,8
은평구,124,98,982.48,833.5,109.19,118.86,2020,8
종로구,27,22,1199.6,833.97,163.44,164.17,2020,8
중구,44,30,1193.63,895.98,169.34,150.37,2020,8
중랑구,100,83,948.17,678.21,157.09,90.56,2020,8
서울시 전체,2811,2273,1087.73,713.02,149.15,157.29,2020,9
강남구,225,157,1353.61,806.35,143.87,132.12,2020,9
강동구,122,89,990.68,796.05,115.75,146.4,2020,9
강북구,47,38,990.76,648.05,133.55,427.74,2020,9
강서구,168,137,958.7,653.38,156.97,167.44,2020,9
관악구,73,52,886.93,612.23,166.71,83.72,2020,9
광진구,69,54,1227.48,708.33,169.03,99.26,2020,9
구로구,141,113,933.73,677.25,155.33,115.73,2020,9
금천구,41,34,877.16,648.31,166.6,105.54,2020,9
노원구,214,184,1095.67,592.35,213.55,139.96,2020,9
도봉구,104,96,1002.83,540.49,204.7,112.99,2020,9
동대문구,107,78,945.83,741.32,122.98,111.95,2020,9
동작구,119,94,1054.12,686.61,169.45,126.9,2020,9
마포구,121,108,1116.79,785.14,147.46,215.41,2020,9
서대문구,80,73,1061.77,706.06,122.69,135.89,2020,9
서초구,158,115,1274.65,878.78,120.15,240.0,2020,9
성동구,111,99,1053.59,682.9,119.17,211.29,2020,9
성북구,133,107,918.52,671.66,159.59,103.74,2020,9
송파구,140,127,1092.35,802.36,111.64,100.24,2020,9
양천구,118,99,1184.82,702.69,134.41,184.63,2020,9
영등포구,159,131,1171.87,709.94,155.6,145.67,2020,9
용산구,66,53,1566.12,913.97,138.42,122.57,2020,9
은평구,124,100,1016.87,773.37,109.83,99.08,2020,9
종로구,27,22,1237.43,716.63,163.25,151.25,2020,9
중구,44,30,1218.41,742.25,171.04,212.16,2020,9
중랑구,100,83,962.44,629.05,157.09,240.54,2020,9
서울시 전체,2811,2279,1066.15,644.84,148.23,152.73,2020,10
강남구,225,160,1108.32,712.93,116.44,137.4,2020,10
강동구,122,90,982.59,744.75,116.09,108.85,2020,10
강북구,47,38,986.6,579.98,133.55,139.53,2020,10
강서구,168,136,949.24,664.66,159.47,136.19,2020,10
관악구,73,50,865.83,533.68,166.45,101.48,2020,10
광진구,69,55,1245.71,584.34,165.67,115.68,2020,10
구로구,141,113,924.28,603.1,155.38,115.54,2020,10
금천구,41,34,852.97,564.33,166.16,113.18,2020,10
노원구,214,185,1091.47,617.95,213.54,103.09,2020,10
도봉구,104,95,990.34,506.0,206.03,93.45,2020,10
동대문구,107,78,941.42,603.92,124.1,124.85,2020,10
동작구,119,93,1052.33,614.09,173.99,138.19,2020,10
마포구,121,108,1100.88,719.19,147.55,158.72,2020,10
서대문구,80,73,1031.71,655.12,124.19,158.07,2020,10
서초구,158,117,1263.54,847.73,117.61,228.34,2020,10
성동구,111,99,1032.18,560.31,119.48,220.04,2020,10
성북구,133,108,907.6,592.65,160.66,145.49,2020,10
송파구,140,127,1102.9,819.16,111.55,121.49,2020,10
양천구,118,99,1182.99,732.91,135.77,214.89,2020,10
영등포구,159,134,1156.24,651.36,152.46,167.05,2020,10
용산구,66,52,1511.7,744.77,138.31,132.37,2020,10
은평구,124,100,993.3,729.43,111.12,130.02,2020,10
종로구,27,22,1216.05,553.56,163.24,383.82,2020,10
중구,44,30,1213.15,589.87,169.34,214.53,2020,10
중랑구,100,83,950.42,595.18,157.52,116.12,2020,10
서울시 전체,2811,2275,1086.46,770.61,150.22,159.47,2020,11
강남구,225,159,1377.63,1141.17,142.88,153.0,2020,11
강동구,122,90,993.59,896.63,117.77,161.13,2020,11
강북구,47,38,1000.74,612.41,136.95,143.71,2020,11
강서구,168,134,950.6,821.58,164.69,124.77,2020,11
관악구,73,51,879.15,578.24,166.78,101.55,2020,11
광진구,69,55,1271.31,659.26,165.67,133.85,2020,11
구로구,141,113,927.59,684.09,156.58,86.3,2020,11
금천구,41,34,882.42,658.99,170.25,160.13,2020,11
노원구,214,184,1107.7,796.31,213.67,115.45,2020,11
도봉구,104,95,998.38,605.07,207.71,103.83,2020,11
동대문구,107,78,939.07,616.91,127.04,143.4,2020,11
동작구,119,94,1077.63,730.88,173.93,174.98,2020,11
마포구,121,108,1105.06,869.7,141.94,181.3,2020,11
서대문구,80,74,1046.95,732.12,125.51,179.35,2020,11
서초구,158,116,1247.66,1066.85,121.44,238.35,2020,11
성동구,111,99,1037.21,612.87,119.48,215.06,2020,11
성북구,133,108,916.9,634.6,160.54,143.03,2020,11
송파구,140,126,1124.18,1086.23,113.67,104.52,2020,11
양천구,118,99,1202.51,946.78,134.82,235.84,2020,11
영등포구,159,134,1180.7,764.26,153.51,154.57,2020,11
용산구,66,52,1514.9,984.19,138.3,182.75,2020,11
은평구,124,100,1002.09,836.37,111.11,108.54,2020,11
종로구,27,22,1198.22,633.84,163.24,354.06,2020,11
중구,44,30,1215.19,606.41,169.34,173.71,2020,11
중랑구,100,82,964.23,689.55,158.76,113.49,2020,11
서울시 전체,2811,2258,1097.11,985.27,150.81,156.53,2020,12
강남구,225,156,1416.68,1602.09,141.22,152.06,2020,12
강동구,122,89,988.18,1154.06,120.73,126.64,2020,12
강북구,47,38,1002.87,696.49,136.95,126.5,2020,12
강서구,168,134,979.57,1167.07,166.22,167.2,2020,12
관악구,73,50,884.83,666.24,168.21,131.35,2020,12
광진구,69,55,1314.11,785.89,166.71,187.98,2020,12
구로구,141,112,912.25,819.72,156.29,127.41,2020,12
금천구,41,33,886.75,766.67,171.62,125.18,2020,12
노원구,214,183,1117.41,1148.54,214.29,158.72,2020,12
도봉구,104,96,1007.16,761.24,206.23,210.02,2020,12
동대문구,107,78,957.87,686.54,129.96,164.76,2020,12
동작구,119,90,1103.1,915.79,176.01,168.97,2020,12
마포구,121,105,1112.67,1140.77,144.06,140.02,2020,12
서대문구,80,74,1048.48,903.29,127.34,116.74,2020,12
서초구,158,115,1253.56,1462.39,120.05,176.98,2020,12
성동구,111,99,1036.88,717.95,119.54,200.92,2020,12
성북구,133,107,936.62,725.07,160.45,127.37,2020,12
송파구,140,126,1140.92,1505.56,112.25,125.19,2020,12
양천구,118,96,1218.45,1421.76,136.97,231.79,2020,12
영등포구,159,135,1177.96,984.88,152.29,179.09,2020,12
용산구,66,52,1532.39,1299.01,138.31,153.08,2020,12
은평구,124,100,1006.91,1055.65,111.7,213.87,2020,12
종로구,27,22,1199.34,661.89,164.98,120.49,2020,12
중구,44,30,1224.94,695.84,169.39,163.51,2020,12
중랑구,100,83,967.89,887.36,158.54,117.4,2020,12
서울시 전체,2811,2314,1110.28,1079.7,158.68,129.55,2021,1
강남구,225,161,1430.54,1757.6,147.22,188.49,2021,1
강동구,122,93,991.79,1270.65,129.18,104.45,2021,1
강북구,47,38,1011.79,754.24,158.09,81.68,2021,1
강서구,168,136,970.77,1294.51,170.39,121.74,2021,1
관악구,73,51,904.27,731.18,173.24,80.1,2021,1
광진구,69,56,1329.64,848.85,164.83,95.37,2021,1
구로구,141,116,928.4,901.37,159.36,82.9,2021,1
금천구,41,33,892.82,831.64,175.09,111.63,2021,1
노원구,214,187,1128.22,1268.94,221.35,264.71,2021,1
도봉구,104,96,1032.86,848.92,219.6,93.12,2021,1
동대문구,107,81,970.35,758.02,132.92,101.62,2021,1
동작구,119,94,1124.64,1000.02,185.69,116.52,2021,1
마포구,121,106,1147.53,1271.06,162.11,126.7,2021,1
서대문구,80,74,1061.25,977.87,142.37,189.57,2021,1
서초구,158,120,1262.63,1604.09,129.93,149.01,2021,1
성동구,111,99,1077.0,773.57,127.29,144.52,2021,1
성북구,133,115,928.87,750.52,164.22,104.9,2021,1
송파구,140,127,1138.38,1681.06,114.59,127.12,2021,1
양천구,118,101,1209.48,1570.18,150.2,210.97,2021,1
영등포구,159,139,1160.45,1037.53,156.02,119.12,2021,1
용산구,66,54,1565.82,1454.8,149.46,130.77,2021,1
은평구,124,100,1019.69,1150.15,119.35,86.07,2021,1
종로구,27,22,1216.26,747.91,168.69,133.1,2021,1
중구,44,32,1276.06,725.51,185.94,179.41,2021,1
중랑구,100,83,977.63,982.28,159.84,95.23,2021,1
서울시 전체,2811,2314,1110.79,897.59,159.76,126.81,2021,2
강남구,225,161,1422.05,1378.57,149.28,152.74,2021,2
강동구,122,94,996.99,1058.18,129.61,104.56,2021,2
강북구,47,38,1005.85,658.03,158.09,98.91,2021,2
강서구,168,137,957.99,1027.09,166.62,104.04,2021,2
관악구,73,51,921.76,662.19,172.61,108.98,2021,2
광진구,69,55,1327.35,754.43,166.89,88.11,2021,2
구로구,141,116,934.9,779.43,160.31,102.69,2021,2
금천구,41,33,897.79,674.01,175.09,110.96,2021,2
노원구,214,189,1126.27,1018.5,230.65,67.73,2021,2
도봉구,104,96,1021.44,708.36,219.14,69.59,2021,2
동대문구,107,80,965.7,699.04,134.12,107.79,2021,2
동작구,119,95,1109.32,844.11,184.32,130.47,2021,2
마포구,121,106,1142.04,1050.65,162.92,178.68,2021,2
서대문구,80,74,1070.2,819.71,144.73,209.75,2021,2
서초구,158,119,1256.23,1308.77,129.52,167.59,2021,2
성동구,111,99,1085.89,684.93,127.29,165.86,2021,2
성북구,133,115,927.38,645.67,162.84,101.19,2021,2
송파구,140,126,1129.1,1329.47,114.64,109.52,2021,2
양천구,118,100,1205.64,1262.23,149.08,226.68,2021,2
영등포구,159,138,1172.59,870.82,161.1,136.09,2021,2
용산구,66,54,1588.32,1211.53,149.46,142.28,2021,2
은평구,124,101,1018.73,956.23,118.46,104.09,2021,2
종로구,27,22,1225.08,593.35,168.69,162.73,2021,2
중구,44,32,1273.74,642.06,191.04,131.23,2021,2
중랑구,100,83,987.49,802.33,167.59,88.05,2021,2
서울시 전체,2811,2306,1097.69,750.84,161.9,149.96,2021,3
강남구,225,161,1396.76,1125.52,147.9,180.17,2021,3
강동구,122,92,1007.44,861.76,140.66,158.44,2021,3
강북구,47,38,995.94,571.28,158.09,164.28,2021,3
강서구,168,135,962.87,852.12,166.96,109.77,2021,3
관악구,73,51,880.22,544.88,171.75,121.55,2021,3
광진구,69,54,1290.48,614.9,168.28,101.22,2021,3
구로구,141,117,923.48,655.87,160.74,116.69,2021,3
금천구,41,33,892.33,614.23,175.09,197.89,2021,3
노원구,214,188,1111.04,811.91,232.11,83.78,2021,3
도봉구,104,96,1013.25,589.72,219.67,90.84,2021,3
동대문구,107,80,958.06,599.68,135.45,151.16,2021,3
동작구,119,93,1094.03,701.32,190.7,162.31,2021,3
마포구,121,106,1090.05,835.39,159.23,168.34,2021,3
서대문구,80,74,1056.24,717.24,148.65,171.99,2021,3
서초구,158,119,1244.14,1050.78,127.37,202.29,2021,3
성동구,111,99,1074.0,589.45,126.1,197.77,2021,3
성북구,133,115,921.07,603.52,170.0,128.46,2021,3
송파구,140,126,1124.05,1063.07,116.02,180.66,2021,3
양천구,118,100,1196.1,1009.66,150.26,179.96,2021,3
영등포구,159,138,1157.96,739.1,160.26,162.71,2021,3
용산구,66,55,1546.81,946.33,157.04,147.23,2021,3
은평구,124,100,1012.5,815.17,120.91,105.09,2021,3
종로구,27,22,1222.27,597.94,186.0,215.9,2021,3
중구,44,32,1296.17,568.93,186.73,158.33,2021,3
중랑구,100,82,974.9,691.24,171.62,92.08,2021,3
서울시 전체,2811,2297,1085.29,648.62,160.84,136.85,2021,4
강남구,225,162,1137.5,724.98,125.64,129.67,2021,4
강동구,122,94,995.94,752.15,136.55,139.09,2021,4
강북구,47,37,1006.97,559.53,158.41,120.64,2021,4
강서구,168,135,953.59,673.82,169.53,98.07,2021,4
관악구,73,51,893.34,524.37,172.97,99.32,2021,4
광진구,69,54,1273.64,583.33,171.23,110.07,2021,4
구로구,141,113,918.45,598.18,157.45,92.28,2021,4
금천구,41,33,883.33,556.21,175.09,136.6,2021,4
노원구,214,188,1106.22,640.15,232.74,99.14,2021,4
도봉구,104,96,1011.82,515.14,219.97,79.94,2021,4
동대문구,107,79,959.93,594.84,137.42,125.4,2021,4
동작구,119,95,1076.15,634.62,187.64,145.03,2021,4
마포구,121,105,1117.36,724.26,157.54,175.28,2021,4
서대문구,80,74,1059.72,650.52,151.05,174.49,2021,4
서초구,158,118,1249.54,867.74,128.9,205.9,2021,4
성동구,111,100,1075.49,559.95,126.32,222.83,2021,4
성북구,133,115,919.86,575.22,167.22,109.87,2021,4
송파구,140,127,1114.06,836.44,115.7,104.1,2021,4
양천구,118,97,1197.03,773.76,155.46,189.26,2021,4
영등포구,159,135,1157.87,645.22,160.77,154.12,2021,4
용산구,66,55,1537.41,805.69,159.02,141.97,2021,4
은평구,124,99,1006.55,724.58,121.41,131.66,2021,4
종로구,27,22,1220.01,535.55,173.45,191.82,2021,4
중구,44,31,1283.74,571.6,186.5,148.96,2021,4
중랑구,100,82,976.66,587.63,173.02,95.82,2021,4
서울시 전체,2811,2299,1097.14,612.3,162.2,130.63,2021,5
강남구,225,159,1376.3,778.19,149.72,154.99,2021,5
강동구,122,93,1002.44,696.55,136.43,140.35,2021,5
강북구,47,38,1022.74,541.55,158.63,108.0,2021,5
강서구,168,134,947.63,612.19,173.43,114.37,2021,5
관악구,73,52,890.37,492.08,171.65,89.08,2021,5
광진구,69,55,1258.54,540.18,161.86,112.07,2021,5
구로구,141,117,918.13,564.16,161.09,101.61,2021,5
금천구,41,33,889.55,554.47,175.09,130.09,2021,5
노원구,214,189,1103.34,567.39,233.45,75.64,2021,5
도봉구,104,95,1004.63,483.51,220.23,87.27,2021,5
동대문구,107,78,953.35,561.71,139.78,110.95,2021,5
동작구,119,95,1061.54,591.73,187.85,142.09,2021,5
마포구,121,106,1130.63,663.37,159.34,152.89,2021,5
서대문구,80,74,1067.46,626.73,151.05,154.31,2021,5
서초구,158,117,1234.27,757.35,130.74,205.69,2021,5
성동구,111,99,1081.93,527.32,128.3,194.41,2021,5
성북구,133,115,920.74,574.61,167.22,129.67,2021,5
송파구,140,126,1141.66,747.7,116.05,113.33,2021,5
양천구,118,99,1199.58,695.65,153.43,185.05,2021,5
영등포구,159,135,1172.78,609.97,157.55,143.56,2021,5
용산구,66,55,1541.02,727.11,161.19,113.87,2021,5
은평구,124,100,1020.35,674.77,125.58,107.37,2021,5
종로구,27,22,1224.35,597.15,173.45,179.3,2021,5
중구,44,30,1282.5,557.26,188.96,137.87,2021,5
중랑구,100,83,982.66,564.89,172.87,81.92,2021,5
서울시 전체,2811,2298,1096.64,615.11,163.81,148.55,2021,6
강남구,225,160,1368.36,743.33,153.4,171.46,2021,6
강동구,122,94,1001.25,699.91,137.05,146.19,2021,6
강북구,47,37,1019.76,562.87,165.14,112.37,2021,6
강서구,168,133,945.42,569.12,174.78,116.7,2021,6
관악구,73,52,901.21,517.96,173.96,111.27,2021,6
광진구,69,55,1252.84,585.9,166.04,101.04,2021,6
구로구,141,116,920.17,573.68,161.63,118.62,2021,6
금천구,41,33,892.84,556.14,175.09,145.63,2021,6
노원구,214,189,1099.22,528.81,233.54,76.49,2021,6
도봉구,104,96,1006.72,460.26,224.45,89.88,2021,6
동대문구,107,78,951.69,602.76,144.41,141.34,2021,6
동작구,119,95,1074.27,600.67,188.14,160.49,2021,6
마포구,121,106,1121.33,681.21,158.24,167.27,2021,6
서대문구,80,73,1066.87,639.08,151.34,172.92,2021,6
서초구,158,118,1230.52,779.79,128.62,230.89,2021,6
성동구,111,99,1057.07,551.58,127.52,214.87,2021,6
성북구,133,114,921.16,588.98,167.6,104.01,2021,6
송파구,140,127,1133.19,721.02,122.56,116.91,2021,6
양천구,118,99,1202.67,627.02,151.02,185.72,2021,6
영등포구,159,135,1176.98,628.78,155.76,164.14,2021,6
용산구,66,55,1551.9,719.55,161.2,146.26,2021,6
은평구,124,99,1012.5,677.64,128.7,142.37,2021,6
종로구,27,22,1233.63,582.51,173.48,182.1,2021,6
중구,44,31,1296.45,626.04,187.78,228.33,2021,6
중랑구,100,82,977.86,553.24,183.87,166.54,2021,6
서울시 전체,2811,2291,1105.78,831.54,164.49,143.14,2021,7
강남구,225,161,1385.9,1075.16,152.24,161.95,2021,7
강동구,122,92,1002.8,896.69,137.33,146.76,2021,7
강북구,47,37,1038.35,735.05,165.14,115.11,2021,7
강서구,168,132,946.2,737.74,179.82,128.29,2021,7
관악구,73,50,900.54,600.16,174.84,83.37,2021,7
광진구,69,55,1250.22,797.2,166.04,108.24,2021,7
구로구,141,115,933.51,743.26,162.54,94.41,2021,7
금천구,41,33,914.15,754.09,175.09,127.58,2021,7
노원구,214,189,1105.81,658.6,233.86,192.28,2021,7
도봉구,104,96,1023.55,577.01,222.66,78.68,2021,7
동대문구,107,76,950.29,758.73,145.94,106.05,2021,7
동작구,119,96,1083.19,776.04,186.48,127.76,2021,7
마포구,121,107,1117.29,891.99,157.07,185.16,2021,7
서대문구,80,72,1080.4,856.54,150.96,178.66,2021,7
서초구,158,119,1248.7,1069.96,127.86,236.94,2021,7
성동구,111,100,1099.07,778.34,128.91,227.57,2021,7
성북구,133,115,925.35,848.71,167.4,109.62,2021,7
송파구,140,125,1136.06,958.08,124.5,113.38,2021,7
양천구,118,100,1191.4,861.74,153.04,149.62,2021,7
영등포구,159,133,1187.63,898.3,158.95,178.44,2021,7
용산구,66,54,1562.11,1014.1,167.43,135.65,2021,7
은평구,124,98,1030.75,869.25,128.28,139.28,2021,7
종로구,27,22,1235.01,931.29,173.45,212.61,2021,7
중구,44,31,1310.28,957.32,189.25,147.48,2021,7
중랑구,100,83,985.89,743.27,183.26,93.64,2021,7
서울시 전체,2811,2286,1095.61,895.76,165.22,143.49,2021,8
강남구,225,162,1356.34,1033.09,150.41,155.79,2021,8
강동구,122,93,998.47,959.43,139.42,141.62,2021,8
강북구,47,37,1025.09,775.22,165.14,80.6,2021,8
강서구,168,132,949.14,782.58,185.31,126.56,2021,8
관악구,73,50,903.03,733.34,176.6,112.7,2021,8
광진구,69,53,1259.52,988.43,168.27,96.16,2021,8
구로구,141,115,918.1,815.34,162.18,104.33,2021,8
금천구,41,32,899.67,777.01,175.83,153.2,2021,8
노원구,214,188,1095.71,654.43,226.25,92.84,2021,8
도봉구,104,93,1023.96,630.04,220.75,87.95,2021,8
동대문구,107,78,942.0,930.9,145.09,109.77,2021,8
동작구,119,95,1077.62,875.95,193.62,126.22,2021,8
마포구,121,106,1120.0,1013.3,155.9,182.22,2021,8
서대문구,80,73,1060.78,864.24,153.4,200.28,2021,8
서초구,158,118,1243.84,1173.9,124.87,227.57,2021,8
성동구,111,98,1093.78,917.14,128.87,203.09,2021,8
성북구,133,115,922.78,815.15,167.6,103.56,2021,8
송파구,140,128,1099.98,950.3,120.48,114.48,2021,8
양천구,118,97,1188.31,867.48,152.84,160.3,2021,8
영등포구,159,133,1179.05,916.57,160.5,221.6,2021,8
용산구,66,55,1531.95,1357.14,175.89,124.16,2021,8
은평구,124,100,1019.34,904.35,135.59,125.5,2021,8
종로구,27,22,1230.5,887.04,173.45,218.8,2021,8
중구,44,31,1272.18,1020.54,188.65,192.66,2021,8
중랑구,100,82,979.19,751.2,183.65,125.27,2021,8
서울시 전체,2811,2293,1106.3,636.28,166.16,134.79,2021,9
강남구,225,163,1404.14,734.1,153.09,162.23,2021,9
강동구,122,93,1012.02,703.22,139.42,155.24,2021,9
강북구,47,37,1037.62,573.24,165.95,70.48,2021,9
강서구,168,132,946.83,583.44,186.66,94.26,2021,9
관악구,73,51,901.21,524.63,175.02,122.54,2021,9
광진구,69,55,1264.35,609.66,165.03,86.37,2021,9
구로구,141,116,933.87,604.11,163.44,95.01,2021,9
금천구,41,33,900.35,596.83,175.09,123.75,2021,9
노원구,214,188,1103.13,521.26,226.51,84.78,2021,9
도봉구,104,94,1010.59,476.7,222.43,95.43,2021,9
동대문구,107,78,958.64,637.72,145.09,129.39,2021,9
동작구,119,96,1082.43,638.05,192.25,121.81,2021,9
마포구,121,102,1146.42,706.71,159.21,197.38,2021,9
서대문구,80,73,1076.14,640.36,154.38,174.74,2021,9
서초구,158,119,1245.04,801.71,130.68,209.51,2021,9
성동구,111,98,1095.13,615.46,129.67,228.88,2021,9
성북구,133,113,931.74,610.47,167.73,115.38,2021,9
송파구,140,129,1121.65,713.51,122.51,101.28,2021,9
양천구,118,101,1190.12,638.07,152.61,158.19,2021,9
영등포구,159,133,1192.83,659.57,162.4,145.83,2021,9
용산구,66,53,1547.35,784.25,178.25,134.44,2021,9
은평구,124,100,1031.64,688.61,140.4,135.03,2021,9
종로구,27,22,1245.47,637.9,173.48,171.93,2021,9
중구,44,31,1291.25,650.73,189.43,159.36,2021,9
중랑구,100,83,987.57,556.71,183.26,96.55,2021,9
서울시 전체,2811,2283,1100.43,657.28,166.2,147.61,2021,10
강남구,225,163,1374.62,858.14,152.14,166.78,2021,10
강동구,122,92,1006.11,752.36,140.1,149.7,2021,10
강북구,47,38,1033.6,582.2,166.63,91.4,2021,10
강서구,168,134,942.47,658.04,186.54,107.55,2021,10
관악구,73,50,896.12,531.85,174.84,243.63,2021,10
광진구,69,53,1279.87,592.62,160.47,94.72,2021,10
구로구,141,115,924.85,603.79,162.59,91.8,2021,10
금천구,41,33,900.92,579.23,175.09,162.71,2021,10
노원구,214,185,1102.55,606.73,230.23,83.58,2021,10
도봉구,104,94,1004.23,500.74,223.12,90.62,2021,10
동대문구,107,78,946.88,605.12,146.78,127.87,2021,10
동작구,119,95,1081.5,637.67,191.24,133.05,2021,10
마포구,121,103,1138.02,744.91,156.67,188.44,2021,10
서대문구,80,72,1066.34,663.97,153.53,192.02,2021,10
서초구,158,117,1237.81,841.69,131.25,231.05,2021,10
성동구,111,97,1085.65,591.2,129.24,218.44,2021,10
성북구,133,114,929.22,601.35,168.34,111.59,2021,10
송파구,140,128,1117.28,809.04,124.03,118.0,2021,10
양천구,118,98,1214.24,725.99,155.97,173.05,2021,10
영등포구,159,131,1194.66,676.41,165.07,148.93,2021,10
용산구,66,55,1523.88,779.77,176.63,151.42,2021,10
은평구,124,100,1026.96,736.08,138.72,125.29,2021,10
종로구,27,22,1228.7,560.03,173.45,168.96,2021,10
중구,44,30,1276.26,597.22,189.04,153.2,2021,10
중랑구,100,86,977.94,595.9,183.17,166.36,2021,10
서울시 전체,2811,2219,1114.56,762.44,167.79,155.41,2021,11
강남구,225,156,1413.62,1118.38,156.24,162.45,2021,11
강동구,122,91,1025.54,902.03,140.6,162.74,2021,11
강북구,47,38,1032.92,596.84,166.63,86.65,2021,11
강서구,168,128,956.04,808.02,188.6,115.16,2021,11
관악구,73,45,899.75,586.57,179.95,99.88,2021,11
광진구,69,48,1317.16,670.38,160.37,157.0,2021,11
구로구,141,111,936.84,668.51,162.23,103.23,2021,11
금천구,41,32,918.81,636.94,176.69,150.73,2021,11
노원구,214,185,1119.61,776.16,230.65,222.01,2021,11
도봉구,104,90,1011.3,601.46,224.39,88.17,2021,11
동대문구,107,75,955.96,618.83,147.56,138.65,2021,11
동작구,119,93,1131.84,723.4,189.77,172.71,2021,11
마포구,121,100,1139.35,876.4,157.13,188.32,2021,11
서대문구,80,71,1079.33,733.58,151.67,212.55,2021,11
서초구,158,107,1295.43,1028.57,140.73,267.29,2021,11
성동구,111,97,1085.0,629.8,136.75,228.15,2021,11
성북구,133,111,936.78,633.96,169.39,125.85,2021,11
송파구,140,129,1147.98,1074.19,123.65,110.34,2021,11
양천구,118,97,1228.51,936.0,164.7,159.99,2021,11
영등포구,159,124,1186.68,778.73,165.98,157.89,2021,11
용산구,66,53,1555.47,954.24,179.04,161.18,2021,11
은평구,124,102,1022.07,829.47,137.58,163.16,2021,11
종로구,27,22,1236.86,612.57,173.45,203.84,2021,11
중구,44,29,1238.4,577.8,185.84,140.19,2021,11
중랑구,100,85,992.71,688.18,185.11,107.09,2021,11
서울시 전체,2811,2273,1124.14,943.38,166.2,185.18,2021,12
강남구,225,161,1417.14,1520.24,151.23,230.65,2021,12
강동구,122,93,1025.28,1137.22,141.17,191.42,2021,12
강북구,47,37,1046.07,678.66,167.12,157.54,2021,12
강서구,168,133,970.28,1109.89,177.3,138.6,2021,12
관악구,73,49,884.92,644.31,173.63,144.01,2021,12
광진구,69,53,1355.94,754.9,160.35,309.72,2021,12
구로구,141,114,942.62,792.52,162.29,148.71,2021,12
금천구,41,33,925.93,698.66,175.43,166.76,2021,12
노원구,214,184,1127.85,1083.07,226.83,116.1,2021,12
도봉구,104,93,1025.15,733.33,225.22,129.71,2021,12
동대문구,107,76,963.12,681.98,145.07,181.52,2021,12
동작구,119,96,1141.18,880.76,189.53,155.09,2021,12
마포구,121,101,1149.99,1110.69,156.94,158.69,2021,12
서대문구,80,73,1082.98,880.1,149.32,186.63,2021,12
서초구,158,115,1288.65,1329.76,139.74,278.62,2021,12
성동구,111,98,1093.69,717.18,137.34,223.29,2021,12
성북구,133,113,940.99,706.38,170.3,124.45,2021,12
송파구,140,128,1143.91,1444.84,122.01,322.61,2021,12
양천구,118,99,1238.79,1337.9,169.18,188.56,2021,12
영등포구,159,131,1214.73,956.3,168.62,191.17,2021,12
용산구,66,54,1564.97,1221.67,163.89,249.13,2021,12
은평구,124,102,1027.29,1020.25,136.56,171.5,2021,12
종로구,27,22,1241.77,623.19,173.47,181.79,2021,12
중구,44,28,1283.01,650.28,189.57,152.22,2021,12
중랑구,100,87,1007.27,870.32,182.9,130.98,2021,12
서울시 전체,2811,2293,1159.9,1049.24,172.6,144.77,2022,1
강남구,225,163,1453.5,1699.32,154.96,175.7,2022,1
강동구,122,92,1068.69,1264.51,153.08,179.06,2022,1
강북구,47,38,1089.93,736.17,169.73,83.41,2022,1
강서구,168,134,1005.63,1267.77,179.03,129.06,2022,1
관악구,73,47,934.94,722.09,178.56,105.22,2022,1
광진구,69,58,1350.52,798.55,172.43,98.42,2022,1
구로구,141,112,981.18,867.89,168.15,85.53,2022,1
금천구,41,31,941.95,774.3,210.55,134.1,2022,1
노원구,214,190,1161.0,1208.47,235.42,121.25,2022,1
도봉구,104,93,1069.62,824.57,225.78,80.9,2022,1
동대문구,107,78,1010.15,754.63,158.17,136.37,2022,1
동작구,119,96,1191.81,994.45,194.19,144.86,2022,1
마포구,121,103,1195.44,1254.27,162.06,180.21,2022,1
서대문구,80,75,1122.23,977.82,144.75,181.02,2022,1
서초구,158,115,1282.17,1489.36,136.32,282.84,2022,1
성동구,111,102,1146.71,783.64,146.39,207.3,2022,1
성북구,133,114,973.22,768.95,184.1,123.17,2022,1
송파구,140,131,1172.95,1607.88,122.45,145.62,2022,1
양천구,118,99,1279.88,1511.51,170.46,182.06,2022,1
영등포구,159,127,1190.92,983.1,169.09,138.55,2022,1
용산구,66,53,1625.55,1410.05,186.88,131.69,2022,1
은평구,124,102,1072.3,1138.26,137.31,125.46,2022,1
종로구,27,22,1283.97,735.87,173.45,195.61,2022,1
중구,44,32,1367.81,703.44,188.04,159.91,2022,1
중랑구,100,86,1025.57,954.14,193.76,91.85,2022,1
서울시 전체,2811,2323,1133.58,948.1,173.38,137.77,2022,2
강남구,225,166,1194.06,1250.75,130.41,139.9,2022,2
강동구,122,93,1044.98,1162.76,149.27,150.42,2022,2
강북구,47,38,1074.4,693.28,169.87,98.09,2022,2
강서구,168,138,989.67,1131.9,183.13,116.56,2022,2
관악구,73,48,906.88,690.03,202.49,100.55,2022,2
광진구,69,58,1346.12,772.09,172.43,101.46,2022,2
구로구,141,114,957.89,840.33,169.33,94.54,2022,2
금천구,41,33,949.51,715.02,209.82,129.68,2022,2
노원구,214,190,1144.63,1096.94,236.35,77.23,2022,2
도봉구,104,92,1049.02,727.03,227.73,67.14,2022,2
동대문구,107,80,986.76,717.52,155.67,109.24,2022,2
동작구,119,96,1162.39,916.21,197.86,137.03,2022,2
마포구,121,102,1189.52,1150.28,160.3,193.75,2022,2
서대문구,80,75,1087.57,883.23,145.42,200.86,2022,2
서초구,158,122,1310.38,1335.11,140.99,242.67,2022,2
성동구,111,101,1126.22,745.63,147.15,199.48,2022,2
성북구,133,116,970.46,674.14,179.91,115.38,2022,2
송파구,140,132,1147.76,1434.15,121.54,94.7,2022,2
양천구,118,99,1261.79,1365.76,179.63,144.79,2022,2
영등포구,159,132,1188.67,918.9,169.32,132.92,2022,2
용산구,66,54,1594.17,1300.72,188.27,191.63,2022,2
은평구,124,104,1053.04,1046.11,142.63,120.51,2022,2
종로구,27,21,1235.81,614.36,172.37,211.24,2022,2
중구,44,33,1348.13,657.24,190.62,165.01,2022,2
중랑구,100,86,1019.67,862.93,192.1,109.48,2022,2
서울시 전체,2811,2327,1133.65,814.69,174.98,154.77,2022,3
강남구,225,166,1415.24,1232.2,155.33,194.71,2022,3
강동구,122,93,1040.89,954.88,149.27,179.75,2022,3
강북구,47,38,1062.19,608.35,169.87,88.35,2022,3
강서구,168,140,978.75,925.89,185.55,121.7,2022,3
관악구,73,48,906.84,583.08,205.05,121.21,2022,3
광진구,69,58,1316.17,662.11,173.49,94.08,2022,3
구로구,141,114,955.72,710.95,169.67,107.25,2022,3
금천구,41,33,926.51,661.84,209.82,140.42,2022,3
노원구,214,189,1136.13,882.84,237.56,145.77,2022,3
도봉구,104,93,1036.42,615.94,226.69,78.93,2022,3
동대문구,107,80,979.7,637.26,157.08,131.69,2022,3
동작구,119,97,1130.13,785.36,196.73,172.49,2022,3
마포구,121,103,1165.41,934.53,171.7,190.39,2022,3
서대문구,80,75,1082.71,789.82,145.76,198.18,2022,3
서초구,158,121,1315.22,1113.29,130.49,263.82,2022,3
성동구,111,100,1109.87,653.52,149.52,216.63,2022,3
성북구,133,116,962.53,647.68,180.18,103.18,2022,3
송파구,140,131,1170.78,1146.3,121.71,131.7,2022,3
양천구,118,100,1256.96,1096.6,175.77,142.51,2022,3
영등포구,159,132,1198.74,801.47,172.38,171.14,2022,3
용산구,66,55,1561.6,1037.35,187.42,203.0,2022,3
은평구,124,103,1042.1,894.5,138.88,136.88,2022,3
종로구,27,21,1258.21,630.13,184.99,251.47,2022,3
중구,44,33,1316.98,599.11,186.57,148.38,2022,3
중랑구,100,88,1015.56,762.15,193.06,135.62,2022,3
서울시 전체,2811,2331,1131.02,694.47,174.69,151.22,2022,4
강남구,225,167,1404.75,915.96,140.75,175.67,2022,4
강동구,122,96,1030.9,793.94,147.88,168.04,2022,4
강북구,47,39,1051.6,602.94,168.66,84.4,2022,4
강서구,168,138,984.19,713.33,184.98,107.34,2022,4
관악구,73,49,900.94,577.83,203.13,112.08,2022,4
광진구,69,58,1290.52,611.84,174.4,102.39,2022,4
구로구,141,113,960.88,648.88,173.31,92.73,2022,4
금천구,41,33,931.59,591.11,209.82,134.21,2022,4
노원구,214,190,1139.86,675.1,238.49,138.28,2022,4
도봉구,104,93,1039.12,529.57,226.69,68.16,2022,4
동대문구,107,80,979.4,632.92,157.25,119.83,2022,4
동작구,119,97,1115.53,688.66,197.83,162.0,2022,4
마포구,121,103,1166.86,790.86,167.4,208.18,2022,4
서대문구,80,75,1083.39,705.03,146.8,208.21,2022,4
서초구,158,121,1318.46,888.35,141.0,281.4,2022,4
성동구,111,100,1120.18,597.98,150.86,261.17,2022,4
성북구,133,116,959.95,609.4,181.14,101.86,2022,4
송파구,140,132,1158.83,886.91,122.6,107.66,2022,4
양천구,118,99,1250.03,813.8,175.06,172.05,2022,4
영등포구,159,131,1201.74,681.77,174.41,164.19,2022,4
용산구,66,57,1554.78,837.62,182.57,158.35,2022,4
은평구,124,105,1061.79,764.0,140.45,133.27,2022,4
종로구,27,21,1253.69,562.02,172.37,252.43,2022,4
중구,44,33,1309.61,599.87,196.61,160.27,2022,4
중랑구,100,85,1006.99,641.92,192.84,106.27,2022,4
서울시 전체,2811,2328,1134.42,623.99,175.27,152.18,2022,5
강남구,225,167,1404.42,757.59,143.22,219.5,2022,5
강동구,122,95,1036.31,701.03,148.79,168.31,2022,5
강북구,47,39,1050.49,552.46,168.66,101.96,2022,5
강서구,168,137,983.15,613.53,183.82,127.02,2022,5
관악구,73,49,904.83,512.94,197.58,101.98,2022,5
광진구,69,59,1282.38,560.56,180.49,104.39,2022,5
구로구,141,114,961.83,580.08,176.19,96.47,2022,5
금천구,41,33,921.68,572.49,209.82,155.16,2022,5
노원구,214,189,1135.93,576.59,240.66,78.28,2022,5
도봉구,104,93,1035.04,474.22,225.67,73.94,2022,5
동대문구,107,80,984.97,588.45,157.25,125.79,2022,5
동작구,119,96,1117.16,619.69,195.37,178.08,2022,5
마포구,121,102,1167.69,693.96,170.9,209.01,2022,5
서대문구,80,75,1092.03,649.97,146.8,192.23,2022,5
서초구,158,121,1313.56,758.51,139.69,287.1,2022,5
성동구,111,100,1136.29,561.91,155.2,257.07,2022,5
성북구,133,115,964.27,593.21,180.15,113.64,2022,5
송파구,140,131,1168.24,755.34,122.59,120.35,2022,5
양천구,118,101,1251.74,685.2,175.17,153.32,2022,5
영등포구,159,131,1209.61,615.94,173.78,173.01,2022,5
용산구,66,56,1577.26,718.25,182.77,121.6,2022,5
은평구,124,105,1062.36,693.53,141.18,139.52,2022,5
종로구,27,21,1266.71,607.81,172.37,204.19,2022,5
중구,44,32,1317.35,573.32,199.7,177.44,2022,5
중랑구,100,87,1015.2,583.14,193.88,125.15,2022,5
서울시 전체,2811,2328,1130.4,655.52,175.74,171.94,2022,6
강남구,225,167,1403.97,777.46,146.99,233.16,2022,6
강동구,122,95,1035.78,745.43,149.09,196.14,2022,6
강북구,47,38,1053.57,620.24,169.87,89.88,2022,6
강서구,168,138,978.53,607.1,188.17,116.54,2022,6
관악구,73,48,892.89,554.37,197.53,103.31,2022,6
광진구,69,59,1273.75,611.37,179.67,97.09,2022,6
구로구,141,113,961.28,614.65,175.61,125.27,2022,6
금천구,41,33,869.25,550.98,204.38,132.74,2022,6
노원구,214,188,1136.08,571.22,246.24,77.27,2022,6
도봉구,104,93,1042.32,468.49,226.51,80.8,2022,6
동대문구,107,80,980.28,644.48,157.25,159.13,2022,6
동작구,119,96,1097.9,648.13,192.88,168.41,2022,6
마포구,121,104,1158.91,728.74,166.65,190.26,2022,6
서대문구,80,75,1100.61,690.27,146.82,197.87,2022,6
서초구,158,121,1312.68,803.59,141.17,346.6,2022,6
성동구,111,101,1133.45,615.92,155.06,266.96,2022,6
성북구,133,118,965.37,645.87,179.96,140.72,2022,6
송파구,140,132,1162.66,765.96,122.6,150.24,2022,6
양천구,118,97,1251.96,654.09,175.11,178.13,2022,6
영등포구,159,133,1205.62,668.82,177.36,241.79,2022,6
용산구,66,55,1591.95,758.81,185.93,193.64,2022,6
은평구,124,104,1057.75,747.73,145.4,186.24,2022,6
종로구,27,21,1256.96,629.4,172.37,230.56,2022,6
중구,44,33,1306.69,648.98,196.81,173.59,2022,6
중랑구,100,86,1029.66,615.92,194.12,222.07,2022,6
서울시 전체,2811,2334,1141.63,859.3,176.13,155.7,2022,7
강남구,225,167,1428.08,1059.58,147.47,199.62,2022,7
강동구,122,94,1040.76,954.99,152.53,208.22,2022,7
강북구,47,38,1053.99,757.06,170.47,84.12,2022,7
강서구,168,139,992.09,753.66,185.14,140.97,2022,7
관악구,73,48,893.88,656.83,195.49,79.76,2022,7
광진구,69,59,1286.92,850.36,179.67,102.63,2022,7
구로구,141,114,975.66,765.15,177.11,102.63,2022,7
금천구,41,33,880.75,716.23,204.38,115.98,2022,7
노원구,214,190,1140.77,689.64,242.61,75.75,2022,7
도봉구,104,94,1052.82,585.9,226.55,73.35,2022,7
동대문구,107,80,990.14,807.36,155.32,146.89,2022,7
동작구,119,95,1109.3,826.33,194.88,152.45,2022,7
마포구,121,104,1163.49,959.45,168.2,201.21,2022,7
서대문구,80,75,1114.3,890.37,148.44,192.33,2022,7
서초구,158,123,1334.44,1107.21,143.6,318.89,2022,7
성동구,111,101,1149.02,814.09,156.09,245.99,2022,7
성북구,133,117,967.56,855.66,180.28,123.72,2022,7
송파구,140,131,1168.42,984.87,122.62,127.41,2022,7
양천구,118,99,1251.91,845.83,175.47,148.0,2022,7
영등포구,159,132,1226.68,900.36,178.89,194.81,2022,7
용산구,66,56,1607.84,1083.1,186.67,173.32,2022,7
은평구,124,104,1075.68,950.56,145.78,163.17,2022,7
종로구,27,21,1264.07,938.68,172.37,228.51,2022,7
중구,44,33,1336.62,941.35,198.59,202.75,2022,7
중랑구,100,87,1035.62,787.95,194.64,90.1,2022,7
서울시 전체,2811,2333,1135.44,900.61,177.2,168.0,2022,8
강남구,225,168,1415.23,1061.15,145.73,189.95,2022,8
강동구,122,96,1032.59,1027.45,152.36,191.07,2022,8
강북구,47,38,1050.57,807.46,170.47,86.79,2022,8
강서구,168,136,979.57,785.89,188.06,108.84,2022,8
관악구,73,49,881.47,717.73,193.19,87.06,2022,8
광진구,69,58,1287.1,954.28,190.69,162.07,2022,8
구로구,141,113,961.95,802.0,177.15,90.57,2022,8
금천구,41,33,873.62,716.42,204.38,173.22,2022,8
노원구,214,189,1138.17,702.37,242.16,96.34,2022,8
도봉구,104,94,1050.64,610.61,226.55,77.18,2022,8
동대문구,107,81,981.16,892.3,157.02,133.52,2022,8
동작구,119,96,1118.71,874.93,194.7,165.01,2022,8
마포구,121,105,1169.87,1015.6,171.13,231.55,2022,8
서대문구,80,75,1112.17,911.03,151.45,207.75,2022,8
서초구,158,121,1338.7,1174.28,145.6,318.29,2022,8
성동구,111,100,1144.57,868.1,155.86,252.3,2022,8
성북구,133,117,967.66,832.11,180.95,131.4,2022,8
송파구,140,132,1168.85,1015.27,122.92,123.13,2022,8
양천구,118,98,1256.46,882.75,176.96,318.79,2022,8
영등포구,159,134,1201.69,903.65,173.8,163.85,2022,8
용산구,66,55,1606.03,1283.4,190.13,194.61,2022,8
은평구,124,104,1060.48,980.69,152.45,166.9,2022,8
종로구,27,21,1250.23,893.96,172.37,212.51,2022,8
중구,44,33,1305.83,995.5,197.81,179.13,2022,8
중랑구,100,87,1032.66,806.22,196.21,138.13,2022,8
서울시 전체,2811,2325,1138.97,685.54,176.46,154.73,2022,9
강남구,225,166,1170.3,666.1,122.7,157.9,2022,9
강동구,122,96,1042.06,793.8,153.12,188.74,2022,9
강북구,47,38,1068.22,614.57,170.47,97.44,2022,9
강서구,168,136,995.45,631.78,186.3,114.54,2022,9
관악구,73,46,903.48,564.37,194.65,78.55,2022,9
광진구,69,58,1286.1,680.24,190.7,139.17,2022,9
구로구,141,113,975.71,644.33,176.49,105.22,2022,9
금천구,41,33,895.84,594.35,204.38,100.94,2022,9
노원구,214,186,1134.97,574.67,234.92,86.53,2022,9
도봉구,104,94,1051.75,496.53,226.55,72.15,2022,9
동대문구,107,82,995.56,697.31,158.4,138.22,2022,9
동작구,119,96,1126.22,700.54,197.5,190.72,2022,9
마포구,121,106,1173.89,766.71,171.38,202.44,2022,9
서대문구,80,75,1115.69,706.15,150.11,205.97,2022,9
서초구,158,117,1353.86,847.82,150.08,281.0,2022,9
성동구,111,99,1151.88,676.81,155.5,251.73,2022,9
성북구,133,117,974.49,670.18,182.56,132.97,2022,9
송파구,140,130,1155.26,786.45,125.95,135.64,2022,9
양천구,118,100,1250.0,677.97,175.1,146.55,2022,9
영등포구,159,132,1208.48,694.05,173.77,171.59,2022,9
용산구,66,58,1738.17,874.46,185.22,250.05,2022,9
은평구,124,106,1076.48,769.33,150.2,168.52,2022,9
종로구,27,21,1266.25,692.4,179.43,211.01,2022,9
중구,44,33,1326.62,684.71,198.54,133.22,2022,9
중랑구,100,87,1037.56,632.78,197.52,107.45,2022,9
서울시 전체,2811,2326,1136.58,731.95,178.34,161.7,2022,10
강남구,225,166,1178.78,849.4,123.35,203.41,2022,10
강동구,122,93,1044.38,885.64,149.34,188.08,2022,10
강북구,47,37,1034.47,646.74,174.11,81.36,2022,10
강서구,168,137,997.93,747.95,186.38,130.99,2022,10
관악구,73,49,908.89,588.01,193.19,89.85,2022,10
광진구,69,59,1283.27,652.3,191.41,142.32,2022,10
구로구,141,114,970.77,660.24,176.55,91.22,2022,10
금천구,41,33,887.91,597.44,204.38,157.07,2022,10
노원구,214,186,1146.68,704.01,240.6,91.09,2022,10
도봉구,104,94,1051.19,547.72,231.32,108.1,2022,10
동대문구,107,82,992.73,665.21,160.71,134.3,2022,10
동작구,119,96,1119.46,725.88,200.16,159.43,2022,10
마포구,121,105,1174.56,832.76,167.82,225.64,2022,10
서대문구,80,74,1111.45,747.76,179.53,203.28,2022,10
서초구,158,118,1339.59,938.89,148.34,294.13,2022,10
성동구,111,99,1149.46,639.82,156.74,248.91,2022,10
성북구,133,117,969.9,666.47,181.85,127.63,2022,10
송파구,140,131,1170.76,955.22,125.13,129.82,2022,10
양천구,118,100,1265.39,855.47,176.38,149.59,2022,10
영등포구,159,134,1203.94,740.51,173.85,161.5,2022,10
용산구,66,58,1732.14,896.98,185.21,279.02,2022,10
은평구,124,104,1079.44,826.87,157.9,146.18,2022,10
종로구,27,21,1249.05,601.74,179.43,210.74,2022,10
중구,44,33,1322.7,628.34,197.48,165.83,2022,10
중랑구,100,86,1029.55,697.3,197.42,123.0,2022,10
서울시 전체,2811,2321,1160.87,841.51,178.42,159.77,2022,11
강남구,225,166,1452.43,1252.86,146.72,203.47,2022,11
강동구,122,95,1052.9,1025.44,152.26,181.64,2022,11
강북구,47,38,1045.33,661.77,171.51,85.64,2022,11
강서구,168,136,1000.31,890.81,191.56,117.21,2022,11
관악구,73,49,913.9,638.84,193.19,137.64,2022,11
광진구,69,58,1326.21,729.34,193.09,130.63,2022,11
구로구,141,114,980.32,734.14,176.66,89.38,2022,11
금천구,41,32,892.69,642.83,204.91,128.35,2022,11
노원구,214,184,1160.85,885.79,242.43,102.0,2022,11
도봉구,104,95,1070.72,640.08,233.99,108.82,2022,11
동대문구,107,82,1001.13,674.85,160.13,151.78,2022,11
동작구,119,96,1160.8,839.2,199.46,167.2,2022,11
마포구,121,106,1186.73,958.78,167.13,190.28,2022,11
서대문구,80,76,1127.29,809.9,155.19,208.75,2022,11
서초구,158,116,1360.86,1120.02,146.16,324.0,2022,11
성동구,111,100,1157.48,680.19,156.58,253.04,2022,11
성북구,133,117,989.76,708.68,181.99,139.47,2022,11
송파구,140,131,1176.48,1204.14,125.53,117.12,2022,11
양천구,118,98,1280.65,1041.63,176.96,144.63,2022,11
영등포구,159,132,1209.55,839.66,173.99,158.66,2022,11
용산구,66,58,1744.02,1048.24,185.24,258.69,2022,11
은평구,124,102,1075.88,932.38,151.33,150.18,2022,11
종로구,27,22,1275.7,665.18,177.01,203.28,2022,11
중구,44,32,1338.61,634.27,198.26,138.92,2022,11
중랑구,100,86,1041.05,778.6,199.14,103.39,2022,11
서울시 전체,2811,2325,1171.56,1182.35,178.5,192.76,2022,12
강남구,225,167,1265.14,1712.76,123.86,223.86,2022,12
강동구,122,94,1061.63,1505.09,151.89,221.81,2022,12
강북구,47,39,1043.05,803.06,172.53,116.16,2022,12
강서구,168,137,1001.72,1496.19,190.07,149.33,2022,12
관악구,73,47,925.03,771.96,194.81,151.23,2022,12
광진구,69,59,1387.82,894.46,196.38,132.41,2022,12
구로구,141,113,980.3,965.15,176.76,117.33,2022,12
금천구,41,32,952.34,839.71,211.1,164.22,2022,12
노원구,214,185,1185.33,1467.82,246.91,119.3,2022,12
도봉구,104,93,1094.39,911.01,235.51,142.8,2022,12
동대문구,107,81,1002.29,782.33,160.74,222.98,2022,12
동작구,119,96,1200.61,1119.73,200.86,153.71,2022,12
마포구,121,107,1199.52,1413.24,162.95,217.81,2022,12
서대문구,80,78,1150.96,1078.17,155.39,227.43,2022,12
서초구,158,115,1390.79,1744.73,147.96,410.98,2022,12
성동구,111,99,1160.0,828.23,165.75,286.06,2022,12
성북구,133,118,1012.15,830.67,182.04,154.46,2022,12
송파구,140,131,1207.04,1954.97,128.68,149.72,2022,12
양천구,118,100,1300.1,1829.93,168.42,211.81,2022,12
영등포구,159,134,1209.23,1175.25,173.9,181.87,2022,12
용산구,66,58,1773.6,1580.37,185.22,326.57,2022,12
은평구,124,105,1090.15,1278.72,153.46,205.0,2022,12
종로구,27,22,1284.97,706.43,177.01,212.73,2022,12
중구,44,31,1364.88,744.28,201.2,214.58,2022,12
중랑구,100,84,1045.85,1124.45,198.97,104.83,2022,12
서울시 전체,2811,2363,1228.64,1265.54,188.24,165.88,2023,1
강남구,225,165,1568.86,2089.78,156.52,207.04,2023,1
강동구,122,95,1103.52,1588.26,158.51,255.06,2023,1
강북구,47,39,1092.49,838.05,196.3,75.11,2023,1
강서구,168,142,1064.25,1535.88,197.47,104.07,2023,1
관악구,73,51,971.21,834.75,214.35,94.73,2023,1
광진구,69,59,1433.01,977.93,206.56,121.46,2023,1
구로구,141,114,1016.78,1049.17,187.31,103.67,2023,1
금천구,41,33,1037.23,948.94,205.69,156.81,2023,1
노원구,214,188,1231.85,1506.56,250.4,101.05,2023,1
도봉구,104,94,1137.03,968.62,248.22,73.06,2023,1
동대문구,107,82,1051.38,866.26,172.79,149.31,2023,1
동작구,119,99,1255.23,1180.68,214.33,148.53,2023,1
마포구,121,107,1244.69,1482.82,181.38,210.72,2023,1
서대문구,80,78,1193.54,1167.21,165.31,197.51,2023,1
서초구,158,120,1446.1,1801.87,153.77,295.82,2023,1
성동구,111,101,1208.12,901.07,179.08,250.63,2023,1
성북구,133,120,1037.58,912.54,191.89,159.65,2023,1
송파구,140,131,1239.59,2020.22,133.46,198.61,2023,1
양천구,118,101,1350.02,1874.84,176.1,144.97,2023,1
영등포구,159,135,1268.56,1228.66,185.76,159.89,2023,1
용산구,66,58,1878.94,1668.36,203.12,275.66,2023,1
은평구,124,108,1118.88,1338.96,155.84,168.09,2023,1
종로구,27,23,1296.52,829.86,170.89,185.73,2023,1
중구,44,33,1390.4,809.74,198.07,199.45,2023,1
중랑구,100,87,1080.08,1217.38,202.86,110.35,2023,1
서울시 전체,2811,2346,1207.71,1073.08,189.28,166.41,2023,2
강남구,225,165,1537.5,1649.86,154.01,202.34,2023,2
강동구,122,95,1082.79,1312.56,163.51,222.69,2023,2
강북구,47,39,1086.71,798.61,199.12,97.91,2023,2
강서구,168,140,1046.05,1265.55,196.25,111.6,2023,2
관악구,73,51,950.83,796.7,215.43,107.73,2023,2
광진구,69,58,1402.38,883.08,208.81,124.37,2023,2
구로구,141,109,1005.81,920.42,186.88,106.78,2023,2
금천구,41,33,1027.86,820.3,205.69,160.25,2023,2
노원구,214,187,1213.82,1217.02,253.19,89.29,2023,2
도봉구,104,94,1113.0,814.28,250.79,85.48,2023,2
동대문구,107,82,1038.21,816.42,172.57,123.21,2023,2
동작구,119,97,1206.35,1028.46,219.69,187.28,2023,2
마포구,121,107,1233.57,1257.81,184.42,210.04,2023,2
서대문구,80,78,1163.61,994.79,165.63,209.37,2023,2
서초구,158,118,1409.27,1492.35,155.52,307.58,2023,2
성동구,111,99,1184.78,803.42,180.88,266.89,2023,2
성북구,133,120,1023.87,771.79,191.98,125.0,2023,2
송파구,140,130,1231.02,1604.1,128.59,146.28,2023,2
양천구,118,101,1317.93,1519.92,177.73,152.43,2023,2
영등포구,159,134,1263.78,1045.93,186.37,158.79,2023,2
용산구,66,58,1814.68,1429.92,204.97,284.75,2023,2
은평구,124,107,1092.06,1138.2,149.81,156.13,2023,2
종로구,27,23,1278.32,690.56,170.89,208.38,2023,2
중구,44,33,1388.21,745.56,204.6,210.33,2023,2
중랑구,100,88,1080.44,1009.44,204.71,105.45,2023,2
서울시 전체,2811,2348,1192.82,896.44,188.87,191.08,2023,3
강남구,225,164,1497.75,1323.86,156.84,242.78,2023,3
강동구,122,94,1092.17,1088.21,158.28,232.84,2023,3
강북구,47,40,1073.87,671.62,192.75,109.08,2023,3
강서구,168,141,1036.47,1026.69,198.69,127.24,2023,3
관악구,73,49,932.52,651.17,214.27,138.03,2023,3
광진구,69,60,1378.86,730.33,206.08,128.56,2023,3
구로구,141,112,990.54,766.51,190.5,108.31,2023,3
금천구,41,33,1006.92,742.84,205.69,179.55,2023,3
노원구,214,188,1201.89,962.29,250.92,93.27,2023,3
도봉구,104,94,1101.65,687.24,250.74,91.0,2023,3
동대문구,107,82,1031.56,709.97,173.75,157.59,2023,3
동작구,119,97,1123.64,865.47,210.94,266.53,2023,3
마포구,121,106,1216.25,1020.86,184.52,234.91,2023,3
서대문구,80,77,1149.85,874.6,167.43,243.07,2023,3
서초구,158,117,1403.86,1204.36,156.38,336.27,2023,3
성동구,111,102,1176.96,702.46,182.71,260.18,2023,3
성북구,133,120,1022.56,731.27,193.29,134.16,2023,3
송파구,140,130,1211.98,1254.33,131.54,202.53,2023,3
양천구,118,103,1308.46,1211.41,177.67,162.49,2023,3
영등포구,159,134,1263.63,894.59,186.24,203.02,2023,3
용산구,66,56,1800.98,1094.39,207.89,346.75,2023,3
은평구,124,106,1087.02,983.17,152.44,166.92,2023,3
종로구,27,23,1279.69,689.93,170.89,238.37,2023,3
중구,44,34,1360.0,659.7,194.63,263.91,2023,3
중랑구,100,86,1071.47,863.75,206.72,109.72,2023,3
서울시 전체,2811,2205,1182.42,786.73,191.23,167.52,2023,4
강남구,225,156,1224.34,859.29,144.67,168.6,2023,4
강동구,122,87,1078.36,934.44,159.01,216.97,2023,4
강북구,47,35,1082.95,674.81,184.34,103.67,2023,4
강서구,168,125,1052.32,797.7,203.11,149.23,2023,4
관악구,73,47,937.57,664.58,216.87,96.09,2023,4
광진구,69,59,1354.37,685.78,214.13,111.62,2023,4
구로구,141,100,993.86,742.75,199.01,107.68,2023,4
금천구,41,32,1006.09,685.52,207.54,151.53,2023,4
노원구,214,180,1189.66,774.28,257.22,95.29,2023,4
도봉구,104,88,1102.61,607.35,253.3,65.08,2023,4
동대문구,107,82,1034.82,714.3,174.35,135.59,2023,4
동작구,119,92,1150.9,747.91,219.36,159.63,2023,4
마포구,121,101,1229.24,906.8,187.9,207.48,2023,4
서대문구,80,78,1155.13,810.07,178.21,206.3,2023,4
서초구,158,106,1402.38,1017.2,152.12,308.02,2023,4
성동구,111,99,1174.25,662.58,181.49,255.9,2023,4
성북구,133,117,1021.15,702.9,193.71,133.33,2023,4
송파구,140,123,1190.56,1027.66,134.67,159.69,2023,4
양천구,118,96,1321.55,951.04,179.79,185.57,2023,4
영등포구,159,121,1260.34,775.33,186.66,202.16,2023,4
용산구,66,53,1787.16,971.86,207.98,267.0,2023,4
은평구,124,95,1098.22,883.56,161.38,196.45,2023,4
종로구,27,22,1277.48,644.09,175.5,223.64,2023,4
중구,44,34,1379.89,679.15,194.63,162.95,2023,4
중랑구,100,77,1055.25,747.37,213.93,118.53,2023,4
서울시 전체,2811,2340,1195.46,743.97,192.58,181.73,2023,5
강남구,225,164,1475.25,906.32,168.73,238.29,2023,5
강동구,122,93,1098.6,876.2,158.16,221.45,2023,5
강북구,47,40,1074.09,658.16,192.75,98.27,2023,5
강서구,168,137,1026.32,737.5,201.41,121.44,2023,5
관악구,73,50,958.72,618.05,216.64,100.26,2023,5
광진구,69,59,1339.95,661.97,216.4,134.84,2023,5
구로구,141,112,1006.35,688.7,199.16,180.46,2023,5
금천구,41,34,977.97,679.23,215.91,197.23,2023,5
노원구,214,188,1200.89,686.65,257.39,84.44,2023,5
도봉구,104,94,1098.15,564.02,253.19,73.38,2023,5
동대문구,107,82,1047.65,701.13,174.51,137.3,2023,5
동작구,119,99,1141.72,696.37,213.62,180.4,2023,5
마포구,121,106,1218.89,817.03,182.11,218.88,2023,5
서대문구,80,78,1159.16,766.37,178.5,266.05,2023,5
서초구,158,116,1425.36,916.93,160.84,318.99,2023,5
성동구,111,101,1186.47,647.48,181.9,257.25,2023,5
성북구,133,119,1024.32,712.81,193.15,136.52,2023,5
송파구,140,129,1204.8,901.58,138.14,146.48,2023,5
양천구,118,100,1306.36,825.56,167.99,183.24,2023,5
영등포구,159,133,1265.38,747.72,184.33,201.0,2023,5
용산구,66,56,1795.51,835.52,207.88,304.21,2023,5
은평구,124,106,1096.1,835.61,159.53,178.61,2023,5
종로구,27,23,1289.86,703.97,186.36,243.84,2023,5
중구,44,33,1389.88,699.57,197.48,208.34,2023,5
중랑구,100,88,1078.83,714.71,208.55,112.15,2023,5
서울시 전체,2811,2346,1196.35,783.98,193.58,196.5,2023,6
강남구,225,165,1479.95,919.47,169.44,242.99,2023,6
강동구,122,94,1091.75,920.28,159.8,237.4,2023,6
강북구,47,39,1090.15,713.31,192.88,159.44,2023,6
강서구,168,140,1038.46,720.93,204.09,137.73,2023,6
관악구,73,50,950.33,673.04,221.4,101.85,2023,6
광진구,69,60,1346.89,737.4,212.52,135.61,2023,6
구로구,141,112,1004.05,723.54,199.66,118.92,2023,6
금천구,41,34,982.72,705.22,216.4,123.79,2023,6
노원구,214,189,1187.89,676.44,258.02,93.56,2023,6
도봉구,104,94,1104.03,568.42,255.07,81.09,2023,6
동대문구,107,83,1043.03,753.69,170.0,209.27,2023,6
동작구,119,99,1130.73,729.1,213.85,359.96,2023,6
마포구,121,106,1221.58,882.35,177.6,227.28,2023,6
서대문구,80,78,1172.7,834.68,180.41,222.94,2023,6
서초구,158,117,1418.97,970.1,179.55,380.94,2023,6
성동구,111,101,1191.48,724.53,183.97,255.14,2023,6
성북구,133,119,1016.81,771.74,193.76,144.51,2023,6
송파구,140,130,1207.3,903.38,137.66,154.44,2023,6
양천구,118,100,1306.9,789.61,171.69,177.94,2023,6
영등포구,159,132,1263.82,797.58,184.69,210.89,2023,6
용산구,66,56,1803.73,906.36,208.36,307.96,2023,6
은평구,124,104,1100.24,884.95,158.9,203.54,2023,6
종로구,27,23,1282.91,754.53,186.36,207.66,2023,6
중구,44,34,1395.66,807.49,195.12,228.73,2023,6
중랑구,100,87,1076.64,731.43,208.3,189.0,2023,6
서울시 전체,2811,2345,1207.3,964.67,193.21,191.34,2023,7
강남구,225,165,1503.91,1187.25,169.34,268.93,2023,7
강동구,122,94,1108.96,1105.05,162.51,290.02,2023,7
강북구,47,40,1122.0,827.57,194.5,101.74,2023,7
강서구,168,140,1041.93,857.19,202.73,158.54,2023,7
관악구,73,50,968.55,753.04,221.37,89.49,2023,7
광진구,69,60,1328.0,880.05,208.23,139.04,2023,7
구로구,141,113,1021.32,859.19,201.83,157.99,2023,7
금천구,41,33,997.14,869.73,215.0,124.96,2023,7
노원구,214,191,1198.71,796.53,257.93,129.97,2023,7
도봉구,104,94,1119.87,677.13,253.75,85.21,2023,7
동대문구,107,83,1052.92,914.31,166.47,165.28,2023,7
동작구,119,99,1149.84,874.14,216.09,180.8,2023,7
마포구,121,107,1232.27,1060.57,181.04,226.63,2023,7
서대문구,80,78,1159.73,1026.96,180.41,210.03,2023,7
서초구,158,116,1444.57,1233.7,162.95,359.98,2023,7
성동구,111,101,1195.21,909.89,184.19,269.91,2023,7
성북구,133,119,1028.06,971.89,195.99,147.47,2023,7
송파구,140,129,1217.41,1092.71,138.52,192.6,2023,7
양천구,118,100,1310.96,985.98,174.55,214.72,2023,7
영등포구,159,130,1274.32,995.72,186.68,202.3,2023,7
용산구,66,56,1809.55,1189.93,208.35,312.33,2023,7
은평구,124,105,1093.18,1045.58,154.83,199.86,2023,7
종로구,27,23,1294.51,1034.04,186.36,214.58,2023,7
중구,44,33,1423.03,1073.69,197.25,232.31,2023,7
중랑구,100,86,1086.46,894.81,209.34,108.72,2023,7
서울시 전체,2811,2347,1200.93,1141.28,194.37,185.59,2023,8
강남구,225,166,1476.29,1359.86,168.71,211.82,2023,8
강동구,122,95,1098.15,1286.89,161.36,266.03,2023,8
강북구,47,40,1096.99,995.01,194.5,114.33,2023,8
강서구,168,139,1038.86,992.44,204.52,130.03,2023,8
관악구,73,50,958.98,946.62,224.49,118.92,2023,8
광진구,69,61,1358.75,1155.85,208.28,140.8,2023,8
구로구,141,112,1004.25,1013.79,204.16,144.14,2023,8
금천구,41,33,1003.17,1014.3,215.0,122.4,2023,8
노원구,214,188,1182.03,898.55,263.5,108.25,2023,8
도봉구,104,93,1133.32,770.91,253.43,85.8,2023,8
동대문구,107,82,1047.04,1117.69,173.0,185.37,2023,8
동작구,119,98,1147.78,1043.6,215.93,175.91,2023,8
마포구,121,108,1232.18,1276.83,181.38,271.3,2023,8
서대문구,80,78,1160.1,1177.11,180.63,242.53,2023,8
서초구,158,118,1443.29,1504.8,162.77,366.11,2023,8
성동구,111,102,1205.84,1098.21,184.67,268.24,2023,8
성북구,133,119,1020.39,1095.44,202.5,147.04,2023,8
송파구,140,129,1204.25,1249.16,138.38,150.05,2023,8
양천구,118,99,1306.56,1137.05,176.35,178.09,2023,8
영등포구,159,131,1251.29,1173.42,184.11,185.96,2023,8
용산구,66,56,1818.55,1597.15,211.82,317.24,2023,8
은평구,124,107,1110.51,1185.27,155.59,174.32,2023,8
종로구,27,23,1253.98,1128.4,187.37,212.87,2023,8
중구,44,34,1393.76,1290.33,195.34,174.05,2023,8
중랑구,100,86,1077.01,1023.25,211.37,148.18,2023,8
서울시 전체,2811,2347,1210.84,897.04,194.44,182.11,2023,9
강남구,225,167,1481.51,1031.36,170.57,220.89,2023,9
강동구,122,94,1109.22,1016.67,161.52,287.12,2023,9
강북구,47,40,1101.63,762.25,194.5,86.9,2023,9
강서구,168,139,1049.33,807.66,204.64,119.7,2023,9
관악구,73,49,982.96,743.82,225.66,107.57,2023,9
광진구,69,61,1349.25,866.32,207.83,124.51,2023,9
구로구,141,112,1017.53,830.83,205.63,114.88,2023,9
금천구,41,33,1005.36,821.71,215.0,131.74,2023,9
노원구,214,190,1194.96,726.4,261.96,145.06,2023,9
도봉구,104,94,1122.28,628.67,253.48,80.04,2023,9
동대문구,107,83,1078.39,939.92,171.32,180.0,2023,9
동작구,119,98,1154.74,855.21,217.13,195.65,2023,9
마포구,121,109,1241.1,995.89,180.44,224.73,2023,9
서대문구,80,78,1173.06,920.71,180.63,245.05,2023,9
서초구,158,117,1438.24,1143.28,157.67,324.7,2023,9
성동구,111,100,1207.04,882.23,186.34,251.84,2023,9
성북구,133,118,1033.87,860.9,202.95,147.85,2023,9
송파구,140,129,1206.67,989.66,138.39,145.27,2023,9
양천구,118,98,1300.43,907.14,175.71,190.81,2023,9
영등포구,159,132,1260.76,912.3,183.23,161.08,2023,9
용산구,66,56,1836.56,1174.87,210.18,271.64,2023,9
은평구,124,107,1119.44,964.79,160.27,188.78,2023,9
종로구,27,23,1285.37,896.02,188.78,220.02,2023,9
중구,44,34,1433.54,936.75,194.17,261.39,2023,9
중랑구,100,86,1087.69,810.64,212.94,125.43,2023,9
서울시 전체,2811,2334,1197.01,797.91,195.83,192.44,2023,10
강남구,225,168,1466.6,1056.29,170.19,244.42,2023,10
강동구,122,92,1088.55,956.7,161.91,227.47,2023,10
강북구,47,40,1084.46,700.31,200.16,125.96,2023,10
강서구,168,136,1028.1,791.19,206.74,159.81,2023,10
관악구,73,49,976.79,648.6,225.64,103.85,2023,10
광진구,69,61,1350.6,704.02,208.53,143.2,2023,10
구로구,141,112,1000.4,725.51,209.16,116.38,2023,10
금천구,41,33,982.5,701.12,215.0,141.56,2023,10
노원구,214,190,1194.41,737.99,262.82,117.85,2023,10
도봉구,104,93,1106.37,592.69,248.43,76.5,2023,10
동대문구,107,82,1067.05,777.08,170.96,201.96,2023,10
동작구,119,98,1146.69,730.79,217.36,218.0,2023,10
마포구,121,104,1233.86,880.14,187.97,228.49,2023,10
서대문구,80,77,1159.25,824.07,189.33,294.09,2023,10
서초구,158,119,1428.06,1003.39,154.88,319.3,2023,10
성동구,111,100,1185.17,704.22,185.96,253.88,2023,10
성북구,133,118,1022.84,751.5,202.43,192.95,2023,10
송파구,140,126,1171.4,988.82,138.72,179.98,2023,10
양천구,118,100,1310.77,897.04,176.36,178.97,2023,10
영등포구,159,133,1247.01,783.08,184.69,255.08,2023,10
용산구,66,55,1817.71,945.35,212.31,275.35,2023,10
은평구,124,106,1106.65,896.05,159.29,191.07,2023,10
종로구,27,23,1276.28,671.11,188.78,239.6,2023,10
중구,44,32,1388.42,714.86,204.6,222.82,2023,10
중랑구,100,87,1085.39,765.93,213.52,102.38,2023,10
서울시 전체,2811,2337,1222.48,995.08,197.43,200.76,2023,11
강남구,225,168,1528.51,1583.46,169.96,252.27,2023,11
강동구,122,91,1107.69,1217.31,165.53,262.5,2023,11
강북구,47,40,1106.54,745.73,196.8,99.87,2023,11
강서구,168,138,1048.88,1066.72,216.19,169.44,2023,11
관악구,73,49,986.21,701.76,225.33,143.63,2023,11
광진구,69,62,1417.33,819.32,208.32,145.83,2023,11
구로구,141,111,1016.55,840.52,209.66,129.02,2023,11
금천구,41,33,1003.47,795.89,215.0,158.87,2023,11
노원구,214,189,1217.44,1052.67,255.36,141.82,2023,11
도봉구,104,94,1128.48,752.16,259.29,132.02,2023,11
동대문구,107,82,1086.25,769.42,170.96,192.95,2023,11
동작구,119,98,1194.41,913.01,218.08,201.54,2023,11
마포구,121,108,1245.5,1131.67,186.73,251.4,2023,11
서대문구,80,78,1169.75,957.79,194.52,268.76,2023,11
서초구,158,117,1442.49,1418.74,162.21,393.96,2023,11
성동구,111,102,1207.31,772.09,185.47,260.74,2023,11
성북구,133,116,1029.61,811.36,202.83,159.07,2023,11
송파구,140,126,1235.27,1479.58,143.84,175.88,2023,11
양천구,118,101,1332.08,1300.06,179.6,199.94,2023,11
영등포구,159,130,1261.78,978.15,185.53,207.36,2023,11
용산구,66,56,1837.76,1248.47,211.51,296.43,2023,11
은평구,124,106,1114.19,1062.33,159.78,199.26,2023,11
종로구,27,23,1280.76,753.03,188.78,201.6,2023,11
중구,44,33,1447.39,756.74,207.14,211.43,2023,11
중랑구,100,86,1116.44,949.04,217.28,163.39,2023,11
서울시 전체,2811,2320,1233.55,1236.1,197.33,232.52,2023,12
강남구,225,167,1513.57,2015.45,164.0,266.21,2023,12
강동구,122,92,1099.47,1589.07,162.64,323.57,2023,12
강북구,47,38,1119.56,835.31,198.68,147.72,2023,12
강서구,168,135,1064.08,1509.18,207.99,142.22,2023,12
관악구,73,50,991.76,765.09,225.21,151.73,2023,12
광진구,69,63,1457.3,942.36,208.26,186.64,2023,12
구로구,141,108,1009.85,979.62,208.08,168.37,2023,12
금천구,41,31,1028.8,841.6,216.85,217.65,2023,12
노원구,214,186,1235.63,1460.04,259.82,149.21,2023,12
도봉구,104,92,1136.03,953.44,250.96,147.82,2023,12
동대문구,107,82,1081.32,865.97,170.95,314.24,2023,12
동작구,119,96,1226.85,1050.67,223.07,224.26,2023,12
마포구,121,106,1269.45,1454.92,185.37,289.09,2023,12
서대문구,80,78,1175.68,1162.07,196.34,300.32,2023,12
서초구,158,118,1471.62,1843.06,165.46,408.16,2023,12
성동구,111,102,1216.27,883.38,185.5,266.89,2023,12
성북구,133,116,1039.02,899.6,203.33,232.55,2023,12
송파구,140,128,1260.95,2003.41,141.4,181.79,2023,12
양천구,118,98,1356.89,1885.62,178.5,197.01,2023,12
영등포구,159,127,1268.89,1194.24,196.1,207.84,2023,12
용산구,66,56,1866.05,1630.01,211.96,417.11,2023,12
은평구,124,106,1127.88,1317.58,162.71,217.04,2023,12
종로구,27,23,1279.95,786.45,188.78,252.22,2023,12
중구,44,35,1431.62,840.38,206.4,269.06,2023,12
중랑구,100,87,1110.25,1193.95,214.82,134.26,2023,12
서울시 전체,2811,2364,1261.22,1315.97,210.26,211.54,2024,1
강남구,225,169,1676.58,2156.57,177.25,278.58,2024,1
강동구,122,94,1131.65,1672.63,164.44,289.23,2024,1
강북구,47,39,1149.38,870.15,258.08,98.86,2024,1
강서구,168,140,1071.35,1603.99,210.83,148.7,2024,1
관악구,73,50,1019.8,810.29,235.34,157.54,2024,1
광진구,69,64,1493.85,978.68,212.61,167.17,2024,1
구로구,141,114,1052.12,1084.51,217.61,111.45,2024,1
금천구,41,33,1033.28,973.24,219.25,152.94,2024,1
노원구,214,190,1255.67,1549.9,261.38,117.09,2024,1
도봉구,104,92,1158.07,1005.27,261.76,127.26,2024,1
동대문구,107,82,1082.18,919.56,186.65,199.8,2024,1
동작구,119,101,1254.16,1131.39,231.72,184.38,2024,1
마포구,121,105,1286.85,1515.84,205.32,244.57,2024,1
서대문구,80,79,1191.94,1239.56,202.29,287.93,2024,1
서초구,158,120,1455.51,1929.7,173.89,363.52,2024,1
성동구,111,102,1248.1,926.29,202.73,272.16,2024,1
성북구,133,118,1062.95,943.57,218.45,180.25,2024,1
송파구,140,128,1255.81,2126.57,177.62,287.31,2024,1
양천구,118,101,1369.25,1983.39,179.05,160.22,2024,1
영등포구,159,131,1283.22,1270.69,199.31,209.51,2024,1
용산구,66,56,1894.96,1742.88,231.12,329.78,2024,1
은평구,124,107,1148.84,1414.43,177.7,237.75,2024,1
종로구,27,24,1320.53,871.55,217.72,260.65,2024,1
중구,44,36,1488.46,869.11,214.42,278.36,2024,1
중랑구,100,89,1146.0,1309.54,219.9,143.44,2024,1
서울시 전체,2811,2355,1259.06,1136.93,211.7,189.95,2024,2
강남구,225,168,1670.86,1739.0,175.94,236.44,2024,2
강동구,122,95,1135.13,1435.81,162.57,264.15,2024,2
강북구,47,39,1150.91,814.39,257.4,120.38,2024,2
강서구,168,136,1078.59,1333.33,220.59,154.01,2024,2
관악구,73,50,1016.04,782.58,237.14,152.93,2024,2
광진구,69,63,1460.94,896.19,215.6,148.79,2024,2
구로구,141,115,1034.2,934.94,220.77,137.03,2024,2
금천구,41,33,1044.43,867.58,224.49,141.33,2024,2
노원구,214,189,1248.08,1287.66,263.39,113.11,2024,2
도봉구,104,90,1156.34,884.45,264.59,106.62,2024,2
동대문구,107,83,1096.71,866.52,186.23,149.09,2024,2
동작구,119,100,1235.26,1018.77,232.53,199.72,2024,2
마포구,121,109,1293.16,1322.16,204.72,286.35,2024,2
서대문구,80,79,1186.71,1082.52,202.79,255.65,2024,2
서초구,158,118,1463.5,1652.46,179.61,331.72,2024,2
성동구,111,102,1252.83,851.85,204.17,279.23,2024,2
성북구,133,113,1062.92,830.21,214.1,133.98,2024,2
송파구,140,129,1262.0,1729.9,177.54,155.01,2024,2
양천구,118,101,1362.25,1647.98,179.35,183.95,2024,2
영등포구,159,131,1290.78,1100.46,199.31,175.15,2024,2
용산구,66,55,1893.77,1481.44,223.2,290.81,2024,2
은평구,124,108,1156.12,1198.7,172.26,209.64,2024,2
종로구,27,24,1318.38,732.88,217.72,207.38,2024,2
중구,44,35,1465.93,820.17,232.13,204.77,2024,2
중랑구,100,90,1140.57,1111.39,224.34,111.43,2024,2
서울시 전체,2811,2358,1243.8,1023.03,211.62,206.23,2024,3
강남구,225,170,1645.56,1553.26,174.72,281.19,2024,3
강동구,122,95,1145.37,1279.85,164.57,273.96,2024,3
강북구,47,38,1134.23,736.01,258.44,89.03,2024,3
강서구,168,137,1067.11,1186.37,226.04,159.6,2024,3
관악구,73,49,1014.64,685.01,218.64,178.26,2024,3
광진구,69,64,1427.81,797.88,216.28,138.47,2024,3
구로구,141,115,1022.51,844.99,220.33,143.48,2024,3
금천구,41,33,1039.13,806.56,224.49,141.71,2024,3
노원구,214,191,1235.08,1146.56,262.46,108.07,2024,3
도봉구,104,92,1138.65,786.73,265.79,113.31,2024,3
동대문구,107,83,1079.58,783.32,185.91,193.9,2024,3
동작구,119,101,1200.14,917.26,230.58,214.06,2024,3
마포구,121,106,1270.85,1165.08,215.02,261.98,2024,3
서대문구,80,79,1179.55,997.14,202.42,266.39,2024,3
서초구,158,117,1457.63,1444.22,177.01,368.0,2024,3
성동구,111,102,1234.75,768.26,207.56,292.28,2024,3
성북구,133,114,1053.43,788.29,219.41,137.16,2024,3
송파구,140,129,1228.72,1521.43,176.39,164.38,2024,3
양천구,118,99,1350.71,1478.5,183.82,196.71,2024,3
영등포구,159,130,1265.4,981.38,198.77,250.54,2024,3
용산구,66,55,1860.53,1288.83,228.25,305.69,2024,3
은평구,124,110,1143.86,1103.82,170.91,221.8,2024,3
종로구,27,24,1310.52,749.71,217.72,238.65,2024,3
중구,44,35,1451.32,750.47,219.97,287.53,2024,3
중랑구,100,90,1137.89,1014.71,225.12,129.7,2024,3
서울시 전체,2811,2350,1239.13,811.43,213.07,199.74,2024,4
강남구,225,167,1586.42,1028.33,173.78,247.53,2024,4
강동구,122,96,1155.69,986.53,157.14,273.98,2024,4
강북구,47,39,1137.0,701.76,257.4,106.34,2024,4
강서구,168,138,1063.76,815.86,224.17,141.82,2024,4
관악구,73,51,1003.36,669.9,233.73,119.49,2024,4
광진구,69,63,1386.79,710.0,222.55,156.37,2024,4
구로구,141,115,1021.68,742.34,219.72,119.44,2024,4
금천구,41,33,1043.68,702.4,224.49,134.39,2024,4
노원구,214,189,1228.26,799.05,263.95,111.71,2024,4
도봉구,104,93,1129.92,615.05,262.13,126.67,2024,4
동대문구,107,83,1081.45,756.5,185.0,157.29,2024,4
동작구,119,100,1184.65,741.48,231.65,178.95,2024,4
마포구,121,106,1268.93,928.93,222.32,247.12,2024,4
서대문구,80,79,1187.89,839.53,203.64,248.7,2024,4
서초구,158,118,1472.12,1047.77,182.22,408.34,2024,4
성동구,111,102,1239.58,682.57,206.63,275.89,2024,4
성북구,133,113,1050.17,726.96,223.75,153.85,2024,4
송파구,140,128,1226.21,1041.74,186.9,171.51,2024,4
양천구,118,99,1339.34,960.83,184.54,211.39,2024,4
영등포구,159,127,1275.56,766.14,198.85,235.04,2024,4
용산구,66,55,1869.4,968.33,229.76,311.25,2024,4
은평구,124,108,1114.73,879.7,174.0,214.3,2024,4
종로구,27,24,1321.6,665.22,217.72,270.24,2024,4
중구,44,35,1454.13,718.95,215.28,261.45,2024,4
중랑구,100,89,1135.87,789.85,225.39,110.43,2024,4
서울시 전체,2811,2342,1239.45,752.74,215.34,208.47,2024,5
강남구,225,164,1591.45,917.98,172.79,271.74,2024,5
강동구,122,97,1150.62,898.56,157.96,242.16,2024,5
강북구,47,40,1125.82,644.57,255.57,106.19,2024,5
강서구,168,137,1056.83,746.99,228.64,138.98,2024,5
관악구,73,50,1031.54,627.91,244.4,148.97,2024,5
광진구,69,63,1378.63,654.02,227.15,160.42,2024,5
구로구,141,113,1026.86,690.42,218.85,152.91,2024,5
금천구,41,33,1050.52,688.04,255.57,131.58,2024,5
노원구,214,189,1223.19,701.56,264.66,97.3,2024,5
도봉구,104,93,1130.62,565.63,267.63,113.29,2024,5
동대문구,107,83,1086.97,711.72,186.33,176.1,2024,5
동작구,119,100,1182.17,703.11,233.96,235.13,2024,5
마포구,121,109,1265.3,836.09,221.27,275.05,2024,5
서대문구,80,78,1186.41,799.27,202.82,284.09,2024,5
서초구,158,114,1473.39,940.44,177.28,375.2,2024,5
성동구,111,99,1245.6,656.02,210.84,287.37,2024,5
성북구,133,115,1049.86,720.71,219.09,172.47,2024,5
송파구,140,129,1221.31,916.86,186.0,145.48,2024,5
양천구,118,100,1333.64,855.58,187.52,204.86,2024,5
영등포구,159,124,1270.76,734.6,203.15,260.56,2024,5
용산구,66,54,1867.47,851.46,231.58,357.84,2024,5
은평구,124,109,1111.36,822.49,171.81,195.34,2024,5
종로구,27,24,1325.91,706.44,217.72,238.48,2024,5
중구,44,35,1461.34,694.0,215.46,308.97,2024,5
중랑구,100,90,1138.67,734.03,225.51,131.31,2024,5
서울시 전체,2811,2331,1244.16,809.7,216.26,204.38,2024,6
강남구,225,165,1609.52,948.54,176.71,279.76,2024,6
강동구,122,96,1152.56,960.06,158.37,251.11,2024,6
강북구,47,40,1128.99,729.32,256.13,101.25,2024,6
강서구,168,133,1058.07,711.02,228.53,136.34,2024,6
관악구,73,51,1008.73,678.07,233.69,113.83,2024,6
광진구,69,62,1386.19,776.83,239.03,139.63,2024,6
구로구,141,114,1025.53,731.47,220.56,148.47,2024,6
금천구,41,33,1044.67,728.46,255.88,105.4,2024,6
노원구,214,188,1224.04,703.89,268.1,100.24,2024,6
도봉구,104,93,1137.37,587.36,267.99,88.44,2024,6
동대문구,107,83,1092.63,789.99,189.71,194.27,2024,6
동작구,119,99,1178.44,734.8,231.04,210.02,2024,6
마포구,121,107,1272.49,928.03,212.67,233.7,2024,6
서대문구,80,79,1184.2,863.9,193.46,321.91,2024,6
서초구,158,115,1482.66,1046.2,178.79,418.95,2024,6
성동구,111,102,1250.93,741.01,208.23,300.09,2024,6
성북구,133,116,1048.9,795.02,218.88,147.71,2024,6
송파구,140,128,1232.0,941.29,189.63,178.35,2024,6
양천구,118,97,1331.12,826.23,186.82,205.07,2024,6
영등포구,159,122,1286.48,810.65,204.7,183.7,2024,6
용산구,66,54,1874.0,934.79,233.23,326.93,2024,6
은평구,124,105,1154.23,898.45,179.29,220.51,2024,6
종로구,27,23,1359.98,792.98,230.68,298.84,2024,6
중구,44,35,1467.93,838.74,223.76,222.7,2024,6
중랑구,100,91,1112.3,745.33,220.71,182.35,2024,6
서울시 전체,2811,2300,1254.54,971.61,217.51,218.43,2024,7
강남구,225,162,1653.79,1164.65,176.56,346.16,2024,7
강동구,122,95,1160.27,1111.67,158.26,267.0,2024,7
강북구,47,39,1134.21,834.28,258.61,110.13,2024,7
강서구,168,134,1063.52,859.24,231.88,146.2,2024,7
관악구,73,48,1010.62,734.23,236.86,135.68,2024,7
광진구,69,61,1385.7,901.48,241.16,160.23,2024,7
구로구,141,111,1033.32,855.43,220.59,168.71,2024,7
금천구,41,32,1080.41,888.96,252.08,150.89,2024,7
노원구,214,187,1231.31,808.19,267.8,133.2,2024,7
도봉구,104,92,1150.07,675.61,267.0,96.04,2024,7
동대문구,107,83,1101.18,938.02,189.7,214.43,2024,7
동작구,119,100,1182.33,869.7,229.67,224.41,2024,7
마포구,121,100,1301.58,1107.98,223.62,295.27,2024,7
서대문구,80,78,1192.39,1031.32,193.02,278.81,2024,7
서초구,158,112,1498.35,1274.63,179.6,438.04,2024,7
성동구,111,98,1251.98,921.67,214.51,318.49,2024,7
성북구,133,115,1049.08,966.17,220.0,166.67,2024,7
송파구,140,128,1239.39,1110.06,189.66,216.97,2024,7
양천구,118,99,1336.54,985.29,185.62,182.35,2024,7
영등포구,159,124,1296.87,1002.88,207.17,219.02,2024,7
용산구,66,53,1891.59,1188.61,239.72,311.51,2024,7
은평구,124,104,1171.65,1098.99,187.08,238.51,2024,7
종로구,27,24,1354.12,1025.73,220.72,271.85,2024,7
중구,44,35,1469.9,1046.48,223.85,208.99,2024,7
중랑구,100,86,1123.44,889.11,222.92,161.26,2024,7
서울시 전체,2811,2293,1254.79,1317.02,218.18,206.23,2024,8
강남구,225,161,1668.94,1508.19,176.03,272.82,2024,8
강동구,122,96,1163.94,1500.15,157.47,268.93,2024,8
강북구,47,39,1140.56,1147.11,258.32,103.77,2024,8
강서구,168,127,1057.53,1114.16,232.48,135.98,2024,8
관악구,73,48,1007.17,1072.36,241.96,141.8,2024,8
광진구,69,62,1392.38,1359.66,227.54,134.53,2024,8
구로구,141,113,1034.17,1149.62,223.19,136.73,2024,8
금천구,41,32,1068.25,1187.62,258.88,145.35,2024,8
노원구,214,185,1227.56,1031.24,267.08,99.45,2024,8
도봉구,104,92,1171.8,903.05,268.11,94.5,2024,8
동대문구,107,82,1086.98,1258.79,187.43,237.58,2024,8
동작구,119,101,1200.65,1193.55,233.94,207.81,2024,8
마포구,121,103,1290.17,1494.03,211.08,283.3,2024,8
서대문구,80,78,1187.29,1372.41,198.98,269.38,2024,8
서초구,158,114,1495.68,1747.09,188.17,383.29,2024,8
성동구,111,98,1259.39,1228.21,210.79,282.03,2024,8
성북구,133,116,1047.73,1275.76,221.64,171.41,2024,8
송파구,140,127,1221.91,1447.63,188.99,173.63,2024,8
양천구,118,95,1331.43,1329.13,193.77,199.11,2024,8
영등포구,159,121,1319.25,1375.54,210.83,225.8,2024,8
용산구,66,54,1897.69,1776.58,236.92,339.09,2024,8
은평구,124,104,1168.22,1405.34,186.5,218.93,2024,8
종로구,27,23,1336.2,1334.42,224.08,213.24,2024,8
중구,44,34,1477.75,1531.72,227.25,286.22,2024,8
중랑구,100,88,1117.11,1182.05,223.19,131.09,2024,8
서울시 전체,2811,2302,1260.16,1078.54,220.08,198.53,2024,9
강남구,225,164,1642.03,1166.88,178.49,261.32,2024,9
강동구,122,95,1154.64,1228.55,157.92,302.53,2024,9
강북구,47,41,1137.3,902.18,248.05,113.3,2024,9
강서구,168,132,1064.83,971.03,238.5,143.04,2024,9
관악구,73,49,1009.51,913.58,280.53,106.93,2024,9
광진구,69,63,1405.15,1075.3,231.0,141.98,2024,9
구로구,141,112,1034.12,1016.43,227.92,135.12,2024,9
금천구,41,32,1056.21,996.79,256.91,137.51,2024,9
노원구,214,185,1241.05,847.09,268.39,112.73,2024,9
도봉구,104,92,1164.46,760.29,267.66,89.5,2024,9
동대문구,107,84,1115.78,1134.87,189.39,181.68,2024,9
동작구,119,101,1207.05,1032.63,233.94,225.02,2024,9
마포구,121,103,1311.27,1211.06,222.76,246.11,2024,9
서대문구,80,78,1196.25,1089.83,198.98,324.87,2024,9
서초구,158,116,1503.79,1343.88,183.97,376.78,2024,9
성동구,111,96,1266.27,1083.62,213.74,270.14,2024,9
성북구,133,113,1074.96,1025.86,215.4,159.2,2024,9
송파구,140,122,1248.13,1197.45,199.95,182.71,2024,9
양천구,118,96,1334.37,1049.22,186.86,200.1,2024,9
영등포구,159,123,1318.17,1123.78,207.74,200.96,2024,9
용산구,66,54,1890.01,1434.42,234.75,294.81,2024,9
은평구,124,108,1173.42,1171.82,180.83,218.07,2024,9
종로구,27,23,1355.86,1078.04,224.08,218.58,2024,9
중구,44,34,1472.6,1129.48,224.26,191.52,2024,9
중랑구,100,86,1126.87,979.44,230.09,128.74,2024,9
서울시 전체,2811,2250,1246.02,803.45,220.63,214.34,2024,10
강남구,225,159,1620.1,974.75,193.66,309.83,2024,10
강동구,122,95,1139.13,938.29,159.48,243.45,2024,10
강북구,47,39,1118.72,705.26,247.89,114.89,2024,10
강서구,168,126,1057.78,790.77,233.53,149.51,2024,10
관악구,73,47,987.68,650.01,282.06,160.47,2024,10
광진구,69,60,1402.18,699.41,234.93,149.23,2024,10
구로구,141,109,1021.8,745.7,227.0,129.11,2024,10
금천구,41,30,1044.7,685.44,254.48,138.48,2024,10
노원구,214,182,1233.92,720.8,266.78,113.24,2024,10
도봉구,104,90,1141.64,582.75,270.4,86.38,2024,10
동대문구,107,79,1094.88,831.13,189.91,211.47,2024,10
동작구,119,99,1179.4,751.79,232.48,302.74,2024,10
마포구,121,103,1292.15,896.79,218.79,262.84,2024,10
서대문구,80,76,1178.19,819.49,201.19,263.85,2024,10
서초구,158,113,1514.87,1031.53,186.27,429.03,2024,10
성동구,111,94,1255.52,755.8,214.11,271.98,2024,10
성북구,133,111,1070.58,753.11,218.67,211.79,2024,10
송파구,140,126,1227.03,983.08,189.4,187.8,2024,10
양천구,118,94,1321.35,893.19,188.12,218.62,2024,10
영등포구,159,122,1294.96,811.45,209.28,200.97,2024,10
용산구,66,54,1852.48,980.04,234.67,314.8,2024,10
은평구,124,103,1161.79,905.09,186.26,202.9,2024,10
종로구,27,24,1357.67,668.22,220.72,290.99,2024,10
중구,44,33,1463.38,751.98,227.47,266.82,2024,10
중랑구,100,82,1118.61,760.43,228.11,127.28,2024,10
서울시 전체,2811,2075,1264.91,918.24,222.61,212.12,2024,11
강남구,225,153,1702.07,1356.94,192.33,285.47,2024,11
강동구,122,85,1166.2,1176.29,161.73,336.81,2024,11
강북구,47,39,1138.47,718.41,254.47,95.91,2024,11
강서구,168,117,1074.22,958.23,238.95,147.16,2024,11
관악구,73,47,994.78,676.01,273.39,152.18,2024,11
광진구,69,59,1431.69,766.08,229.15,171.4,2024,11
구로구,141,95,1033.51,755.04,227.18,116.71,2024,11
금천구,41,28,1076.41,715.79,254.28,111.3,2024,11
노원구,214,167,1252.79,937.79,269.16,122.79,2024,11
도봉구,104,87,1140.26,702.53,271.99,131.58,2024,11
동대문구,107,70,1110.57,741.84,184.5,178.03,2024,11
동작구,119,93,1215.84,830.81,234.32,225.03,2024,11
마포구,121,85,1265.62,1048.07,209.44,345.35,2024,11
서대문구,80,72,1211.03,919.94,201.79,252.84,2024,11
서초구,158,99,1551.61,1306.03,191.13,422.69,2024,11
성동구,111,85,1211.24,728.45,214.94,236.33,2024,11
성북구,133,108,1074.22,775.63,219.28,162.83,2024,11
송파구,140,113,1259.73,1354.1,189.9,189.04,2024,11
양천구,118,85,1356.72,1174.84,190.75,232.14,2024,11
영등포구,159,113,1303.12,886.95,234.04,165.68,2024,11
용산구,66,50,1928.13,1122.98,245.27,324.31,2024,11
은평구,124,97,1169.03,996.0,191.9,229.74,2024,11
종로구,27,22,1379.67,718.34,223.85,244.97,2024,11
중구,44,32,1456.19,734.6,230.88,269.28,2024,11
중랑구,100,74,1119.76,854.45,230.59,153.53,2024,11
서울시 전체,2811,659,1275.31,1202.51,215.68,272.03,2024,12
강남구,225,53,2148.48,1857.49,226.85,540.85,2024,12
강동구,122,33,1172.74,1610.49,179.33,352.27,2024,12
강북구,47,12,1090.95,790.08,278.03,122.53,2024,12
강서구,168,35,988.11,1504.75,256.5,161.39,2024,12
관악구,73,11,886.83,665.17,166.38,277.12,2024,12
광진구,69,21,1285.89,796.49,209.96,84.34,2024,12
구로구,141,27,979.41,814.35,197.29,161.23,2024,12
금천구,41,3,1040.35,663.3,178.17,78.01,2024,12
노원구,214,55,1288.34,1465.42,260.83,171.48,2024,12
도봉구,104,27,1056.51,846.3,239.19,320.14,2024,12
동대문구,107,13,1198.14,826.34,175.16,243.35,2024,12
동작구,119,19,1178.05,901.21,265.62,376.94,2024,12
마포구,121,28,1259.04,1652.45,225.44,372.06,2024,12
서대문구,80,30,1234.58,1447.74,217.42,340.53,2024,12
서초구,158,30,1654.66,1928.71,200.25,712.59,2024,12
성동구,111,27,1002.34,717.7,235.9,313.29,2024,12
성북구,133,26,1150.69,845.63,232.93,203.95,2024,12
송파구,140,40,1275.64,2187.45,162.9,201.35,2024,12
양천구,118,34,1298.51,1924.32,175.74,111.84,2024,12
영등포구,159,50,1308.13,1194.0,202.47,198.61,2024,12
용산구,66,18,2028.92,1594.28,219.32,213.62,2024,12
은평구,124,30,1237.38,1106.47,184.16,323.76,2024,12
종로구,27,6,1439.26,898.93,225.73,523.53,2024,12
중구,44,12,1429.14,747.25,234.88,288.43,2024,12
중랑구,100,19,1250.71,1076.54,241.64,107.57,2024,12
