구,동,월세(만원),관리비(만원),소득,주거 부담 비율,거주 적합도 점수
강남구,개포1동,133.1026018226924,0.1374466326530612,5181026.454545454,0.2595454545454545,49.98409090909092
강남구,개포2동,133.1026018226924,0.1374466326530612,5154387.681818182,0.26136363636363635,49.4859090909091
강남구,개포4동,133.1026018226924,0.1374466326530612,3572614.909090909,0.3772727272727273,28.919545454545457
강남구,논현1동,133.1026018226924,0.1374466326530612,3308735.5,0.4059090909090909,25.559545454545454
강남구,논현2동,133.1026018226924,0.1374466326530612,3999444.0454545454,0.33727272727272734,34.45545454545455
강남구,대치1동,133.1026018226924,0.1374466326530612,7458493.0,0.17863636363636362,79.62318181818182
강남구,대치2동,133.1026018226924,0.1374466326530612,6029819.909090909,0.22,61.12681818181818
강남구,대치4동,133.1026018226924,0.1374466326530612,4128888.1363636362,0.3186363636363636,36.570454545454545
강남구,도곡1동,133.1026018226924,0.1374466326530612,5441494.2727272725,0.24863636363636363,53.141818181818174
강남구,도곡2동,133.1026018226924,0.1374466326530612,6591644.318181818,0.2,68.5409090909091
강남구,삼성1동,133.1026018226924,0.1374466326530612,5136961.954545454,0.25863636363636366,49.49909090909091
강남구,삼성2동,133.1026018226924,0.1374466326530612,5089057.2272727275,0.25863636363636366,49.03999999999999
강남구,세곡동,133.1026018226924,0.1374466326530612,3906955.9545454546,0.3386363636363636,33.586363636363636
강남구,수서동,133.1026018226924,0.1374466326530612,3854253.772727273,0.34863636363636363,32.628181818181815
강남구,신사동,133.1026018226924,0.1374466326530612,3794611.0454545454,0.4015909090909091,32.01204545454545
강남구,압구정동,133.1026018226924,0.1374466326530612,5861134.2272727275,0.22863636363636364,58.76681818181819
강남구,역삼1동,133.1026018226924,0.1374466326530612,3626366.1363636362,0.3686363636363636,29.762272727272727
강남구,역삼2동,133.1026018226924,0.1374466326530612,5408048.7727272725,0.24863636363636363,52.81636363636364
강남구,일원1동,133.1026018226924,0.1374466326530612,3032195.6818181816,0.43863636363636366,22.12272727272727
강남구,일원2동,133.1026018226924,0.1374466326530612,4542795.454545454,0.2913636363636363,41.84409090909091
강남구,일원본동,133.1026018226924,0.1374466326530612,5462703.954545454,0.23999999999999996,53.95590909090909
강남구,청담동,133.1026018226924,0.1374466326530612,5056930.909090909,0.26727272727272733,48.17272727272727
강동구,강일동,68.39304242079464,0.1054087333333333,3087006.909090909,0.22,31.29909090909091
강동구,고덕1동,68.39304242079464,0.1054087333333333,4628206.7727272725,0.15,51.126363636363635
강동구,고덕2동,68.39304242079464,0.1054087333333333,2469030.409090909,0.2786363636363637,23.147727272727273
강동구,길동,68.39304242079464,0.1054087333333333,2865343.590909091,0.23863636363636365,28.35727272727273
강동구,둔촌1동,68.39304242079464,0.1054087333333333,3596314.272727273,0.18999999999999997,37.86454545454546
강동구,둔촌2동,68.39304242079464,0.1054087333333333,3440191.0,0.19863636363636364,35.83272727272727
강동구,명일1동,68.39304242079464,0.1054087333333333,3576266.409090909,0.18863636363636366,37.71727272727273
강동구,명일2동,68.39304242079464,0.1054087333333333,4539933.181818182,0.15,50.15363636363636
강동구,상일동,68.39304242079464,0.1054087333333333,3676535.8181818184,0.18999999999999997,38.70545454545454
강동구,성내1동,68.39304242079464,0.1054087333333333,3461248.1363636362,0.19863636363636364,36.05136363636364
강동구,성내2동,68.39304242079464,0.1054087333333333,2833715.6818181816,0.23999999999999996,27.99
강동구,성내3동,68.39304242079464,0.1054087333333333,2918318.3181818184,0.23727272727272727,28.935000000000002
강동구,암사1동,68.39304242079464,0.1054087333333333,2866945.5,0.23863636363636365,28.36909090909091
강동구,암사2동,68.39304242079464,0.1054087333333333,3712569.3636363638,0.18863636363636366,39.15181818181818
강동구,암사3동,68.39304242079464,0.1054087333333333,4490581.681818182,0.15,49.608181818181826
강동구,천호1동,68.39304242079464,0.1054087333333333,2490192.8636363638,0.2772727272727273,23.392272727272726
강동구,천호2동,68.39304242079464,0.1054087333333333,2758453.1363636362,0.24863636363636363,26.935000000000002
강동구,천호3동,68.39304242079464,0.1054087333333333,3173368.409090909,0.21863636363636363,32.229090909090914
강북구,미아동,46.764752180875014,0.1059125333333333,2333432.272727273,0.19863636363636364,24.305000000000003
강북구,번1동,46.764752180875014,0.1059125333333333,2316799.590909091,0.2,24.092272727272725
강북구,번2동,46.764752180875014,0.1059125333333333,2316458.8636363638,0.2,24.08318181818182
강북구,번3동,46.764752180875014,0.1059125333333333,2566133.0454545454,0.17863636363636362,27.39727272727273
강북구,삼각산동,46.764752180875014,0.1059125333333333,3758142.090909091,0.12863636363636363,42.56681818181818
강북구,삼양동,46.764752180875014,0.1059125333333333,2480810.272727273,0.18999999999999997,26.11909090909091
강북구,송중동,46.764752180875014,0.1059125333333333,2568932.272727273,0.18,27.383181818181814
강북구,송천동,46.764752180875014,0.1059125333333333,2454922.9545454546,0.18999999999999997,25.849090909090908
강북구,수유1동,46.764752180875014,0.1059125333333333,2228360.5,0.21,22.880454545454544
강북구,수유2동,46.764752180875014,0.1059125333333333,2592461.6818181816,0.17863636363636362,27.672727272727276
강북구,수유3동,46.764752180875014,0.1059125333333333,2219697.6818181816,0.20863636363636362,22.831363636363633
강북구,우이동,46.764752180875014,0.1059125333333333,2470149.272727273,0.18863636363636366,26.051363636363636
강북구,인수동,46.764752180875014,0.1059125333333333,2369557.409090909,0.19863636363636364,24.681818181818183
강서구,가양1동,58.04482097254076,0.10008071666666661,3606216.0,0.15863636363636366,39.44
강서구,가양2동,58.04482097254076,0.10008071666666661,3086537.909090909,0.18863636363636366,32.550909090909094
강서구,가양3동,58.04482097254076,0.10008071666666661,3067228.590909091,0.18863636363636366,32.34863636363636
강서구,공항동,58.04482097254076,0.10008071666666661,2864661.409090909,0.20272727272727273,29.69181818181818
강서구,등촌1동,58.04482097254076,0.10008071666666661,3347124.772727273,0.17,36.11181818181819
강서구,등촌2동,58.04482097254076,0.10008071666666661,3372980.909090909,0.17,36.389545454545456
강서구,등촌3동,58.04482097254076,0.10008071666666661,3425426.5,0.16863636363636367,37.01136363636363
강서구,발산1동,58.04482097254076,0.10008071666666661,3200885.6363636362,0.18,34.11000000000001
강서구,방화1동,58.04482097254076,0.10008071666666661,3371751.5454545454,0.17272727272727273,36.25954545454545
강서구,방화2동,58.04482097254076,0.10008071666666661,2724018.0,0.21,27.970909090909092
강서구,방화3동,58.04482097254076,0.10008071666666661,3071995.0,0.18863636363636366,32.39772727272727
강서구,염창동,58.04482097254076,0.10008071666666661,4146416.9545454546,0.14,46.35136363636364
강서구,우장산동,58.04482097254076,0.10008071666666661,4157427.5454545454,0.14,46.47272727272727
강서구,화곡1동,58.04482097254076,0.10008071666666661,2502300.8181818184,0.22863636363636364,25.085454545454546
강서구,화곡2동,58.04482097254076,0.10008071666666661,2397792.6818181816,0.23863636363636365,23.724999999999998
강서구,화곡3동,58.04482097254076,0.10008071666666661,3159215.6818181816,0.18727272727272729,33.37681818181818
강서구,화곡4동,58.04482097254076,0.10008071666666661,2431759.727272727,0.23863636363636365,24.062727272727273
강서구,화곡6동,58.04482097254076,0.10008071666666661,3061836.0454545454,0.18863636363636366,32.29090909090909
강서구,화곡8동,58.04482097254076,0.10008071666666661,2489668.409090909,0.23727272727272727,24.683636363636364
강서구,화곡본동,58.04482097254076,0.10008071666666661,2412877.1363636362,0.23863636363636365,23.87409090909091
관악구,낙성대동,47.106456247987815,0.09314278333333331,3233321.6818181816,0.14863636363636365,35.78181818181818
관악구,난곡동,47.106456247987815,0.09314278333333331,2280569.3636363638,0.20863636363636362,23.455
관악구,난향동,47.106456247987815,0.09314278333333331,3290614.409090909,0.14,36.777727272727276
관악구,남현동,47.106456247987815,0.09314278333333331,3258637.1818181816,0.14863636363636365,36.06272727272727
관악구,대학동,47.106456247987815,0.09314278333333331,2639461.5,0.17863636363636362,28.18045454545455
관악구,미성동,47.106456247987815,0.09314278333333331,2691756.272727273,0.17863636363636362,28.74136363636364
관악구,보라매동,47.106456247987815,0.09314278333333331,2545584.772727273,0.18863636363636366,26.841363636363635
관악구,삼성동,47.106456247987815,0.09314278333333331,2605922.590909091,0.18,27.770909090909093
관악구,서림동,47.106456247987815,0.09314278333333331,2551444.727272727,0.18863636363636366,26.90727272727273
관악구,서원동,47.106456247987815,0.09314278333333331,2432415.727272727,0.19727272727272727,25.38272727272727
관악구,성현동,47.106456247987815,0.09314278333333331,3479691.6363636362,0.13863636363636364,38.95954545454545
관악구,신림동,47.106456247987815,0.09314278333333331,2461436.772727273,0.18863636363636366,25.96272727272727
관악구,신사동,47.106456247987815,0.09314278333333331,3794611.0454545454,0.1393181818181818,43.30886363636363
관악구,신원동,47.106456247987815,0.09314278333333331,2423126.4545454546,0.19863636363636364,25.242272727272724
관악구,은천동,47.106456247987815,0.09314278333333331,3090636.772727273,0.14863636363636365,34.20272727272727
관악구,인헌동,47.106456247987815,0.09314278333333331,2810137.590909091,0.16863636363636367,30.36818181818182
관악구,조원동,47.106456247987815,0.09314278333333331,2545960.227272727,0.18863636363636366,26.847727272727273
관악구,중앙동,47.106456247987815,0.09314278333333331,2656116.1363636362,0.17863636363636362,28.360454545454544
관악구,청룡동,47.106456247987815,0.09314278333333331,2795428.0,0.16863636363636367,30.206363636363633
관악구,청림동,47.106456247987815,0.09314278333333331,3714965.272727273,0.12863636363636363,42.07363636363636
관악구,행운동,47.106456247987815,0.09314278333333331,2915491.0,0.15863636363636366,31.888181818181817
광진구,광장동,62.002851712487036,0.1327871333333333,5310384.181818182,0.11863636363636364,60.83272727272727
광진구,구의1동,62.002851712487036,0.1327871333333333,2703530.727272727,0.22863636363636364,27.10818181818182
광진구,구의2동,62.002851712487036,0.1327871333333333,2930825.4545454546,0.21136363636363634,30.04090909090909
광진구,구의3동,62.002851712487036,0.1327871333333333,4037607.272727273,0.15,44.60454545454546
광진구,군자동,62.002851712487036,0.1327871333333333,2623690.0,0.23863636363636365,25.967272727272725
광진구,능동,62.002851712487036,0.1327871333333333,2867135.3636363638,0.21863636363636363,29.11727272727273
광진구,자양1동,62.002851712487036,0.1327871333333333,2754783.590909091,0.22863636363636364,27.617727272727276
광진구,자양2동,62.002851712487036,0.1327871333333333,3016154.8181818184,0.20863636363636362,31.029090909090908
광진구,자양3동,62.002851712487036,0.1327871333333333,4386689.545454546,0.14,49.032272727272726
광진구,자양4동,62.002851712487036,0.1327871333333333,2799993.8636363638,0.22,28.389090909090907
광진구,중곡1동,62.002851712487036,0.1327871333333333,2556716.727272727,0.23863636363636365,25.299545454545456
광진구,중곡2동,62.002851712487036,0.1327871333333333,2573333.227272727,0.23863636363636365,25.46772727272727
광진구,중곡3동,62.002851712487036,0.1327871333333333,2407100.0454545454,0.25863636363636366,23.19909090909091
광진구,중곡4동,62.002851712487036,0.1327871333333333,2540163.0454545454,0.24863636363636363,24.805909090909093
광진구,화양동,62.002851712487036,0.1327871333333333,2487859.3636363638,0.24863636363636363,24.299545454545452
구로구,가리봉동,54.317834082640296,0.0969663,2350245.0,0.22863636363636364,23.562727272727273
구로구,개봉1동,54.317834082640296,0.0969663,2820391.409090909,0.18999999999999997,29.694090909090907
구로구,개봉2동,54.317834082640296,0.0969663,3083303.5,0.17863636363636362,32.91863636363637
구로구,개봉3동,54.317834082640296,0.0969663,2528877.5,0.21863636363636363,25.680000000000003
구로구,고척1동,54.317834082640296,0.0969663,2980933.090909091,0.18,31.770000000000003
구로구,고척2동,54.317834082640296,0.0969663,2897761.1818181816,0.18863636363636366,30.561363636363637
구로구,구로1동,54.317834082640296,0.0969663,3390501.0,0.15863636363636366,37.07818181818182
구로구,구로2동,54.317834082640296,0.0969663,2465027.0,0.21863636363636363,25.030909090909095
구로구,구로3동,54.317834082640296,0.0969663,2907861.090909091,0.18863636363636366,30.66772727272727
구로구,구로4동,54.317834082640296,0.0969663,2640651.590909091,0.20863636363636362,27.161818181818184
구로구,구로5동,54.317834082640296,0.0969663,3231911.9545454546,0.16863636363636367,34.92045454545454
구로구,수궁동,54.317834082640296,0.0969663,2697602.5,0.19863636363636364,28.098636363636366
구로구,신도림동,54.317834082640296,0.0969663,4402869.818181818,0.11999999999999998,50.35772727272728
구로구,오류1동,54.317834082640296,0.0969663,2597621.5454545454,0.20863636363636362,26.722272727272728
구로구,오류2동,54.317834082640296,0.0969663,2795210.6363636362,0.19863636363636364,29.11636363636364
구로구,항동,54.317834082640296,0.0969663,3067702.5454545454,0.17727272727272728,32.81636363636363
금천구,가산동,47.06928534989606,0.09496015,2591585.272727273,0.17863636363636362,27.665454545454544
금천구,독산1동,47.06928534989606,0.09496015,3016590.9545454546,0.15863636363636366,32.99181818181818
금천구,독산2동,47.06928534989606,0.09496015,2258627.5454545454,0.20863636363636362,23.23318181818182
금천구,독산3동,47.06928534989606,0.09496015,2401418.590909091,0.19863636363636364,25.015
금천구,독산4동,47.06928534989606,0.09496015,2269804.1363636362,0.20863636363636362,23.34363636363636
금천구,시흥1동,47.06928534989606,0.09496015,2784421.0,0.16863636363636367,30.085
금천구,시흥2동,47.06928534989606,0.09496015,3198962.0,0.14863636363636365,35.40227272727273
금천구,시흥3동,47.06928534989606,0.09496015,2526601.1363636362,0.18863636363636366,26.64545454545454
금천구,시흥4동,47.06928534989606,0.09496015,2417403.4545454546,0.19863636363636364,25.177727272727278
금천구,시흥5동,47.06928534989606,0.09496015,2385730.3636363638,0.19863636363636364,24.854090909090907
노원구,공릉1동,58.80758521475771,0.1159282333333333,2798734.1363636362,0.20863636363636362,28.79
노원구,공릉2동,58.80758521475771,0.1159282333333333,3412007.0,0.17,36.805454545454545
노원구,상계10동,58.80758521475771,0.1159282333333333,3150874.3181818184,0.18863636363636366,33.22636363636364
노원구,상계1동,58.80758521475771,0.1159282333333333,3048767.772727273,0.18999999999999997,32.095
노원구,상계2동,58.80758521475771,0.1159282333333333,3138954.1818181816,0.18863636363636366,33.10636363636364
노원구,상계3·4동,58.80758521475771,0.1159282333333333,2652982.5454545454,0.22,26.898636363636363
노원구,상계5동,58.80758521475771,0.1159282333333333,2491530.909090909,0.23863636363636365,24.654545454545453
노원구,상계6·7동,58.80758521475771,0.1159282333333333,3170596.0,0.18863636363636366,33.43545454545454
노원구,상계8동,58.80758521475771,0.1159282333333333,3180068.0454545454,0.18863636363636366,33.53818181818182
노원구,상계9동,58.80758521475771,0.1159282333333333,2980623.4545454546,0.19863636363636364,31.05090909090909
노원구,월계1동,58.80758521475771,0.1159282333333333,2796529.909090909,0.20863636363636362,28.768181818181816
노원구,월계2동,58.80758521475771,0.1159282333333333,2742445.1363636362,0.21863636363636363,27.854999999999997
노원구,월계3동,58.80758521475771,0.1159282333333333,3135371.1363636362,0.18863636363636366,33.067727272727275
노원구,중계1동,58.80758521475771,0.1159282333333333,4652817.5,0.12863636363636363,52.7
노원구,중계2·3동,58.80758521475771,0.1159282333333333,2952893.590909091,0.19863636363636364,30.753636363636364
노원구,중계4동,58.80758521475771,0.1159282333333333,3211504.272727273,0.18,34.22818181818182
노원구,중계본동,58.80758521475771,0.1159282333333333,4225995.090909091,0.13863636363636364,47.30954545454545
노원구,하계1동,58.80758521475771,0.1159282333333333,3641915.8636363638,0.15863636363636366,39.825
노원구,하계2동,58.80758521475771,0.1159282333333333,3640987.0454545454,0.16,39.75363636363637
도봉구,도봉1동,49.80734716451216,0.1064267,2289065.3181818184,0.21863636363636363,23.25
도봉구,도봉2동,49.80734716451216,0.1064267,2834149.0,0.17863636363636362,30.260454545454547
도봉구,방학1동,49.80734716451216,0.1064267,2910847.909090909,0.17,31.403636363636362
도봉구,방학2동,49.80734716451216,0.1064267,2110035.1818181816,0.23863636363636365,20.87727272727273
도봉구,방학3동,49.80734716451216,0.1064267,2978517.5454545454,0.16863636363636367,32.18181818181818
도봉구,쌍문1동,49.80734716451216,0.1064267,2456292.5,0.2,25.54363636363636
도봉구,쌍문2동,49.80734716451216,0.1064267,2443280.909090909,0.20863636363636362,25.13
도봉구,쌍문3동,49.80734716451216,0.1064267,2455953.6363636362,0.19863636363636364,25.581818181818186
도봉구,쌍문4동,49.80734716451216,0.1064267,2981002.5454545454,0.16863636363636367,32.2109090909091
도봉구,창1동,49.80734716451216,0.1064267,3059295.772727273,0.16,33.401818181818186
도봉구,창2동,49.80734716451216,0.1064267,2567487.727272727,0.19863636363636364,26.742727272727276
도봉구,창3동,49.80734716451216,0.1064267,2244380.3181818184,0.21863636363636363,22.793636363636367
도봉구,창4동,49.80734716451216,0.1064267,3575357.0454545454,0.13863636363636364,40.032272727272726
도봉구,창5동,49.80734716451216,0.1064267,3317415.9545454546,0.15,36.65409090909091
동대문구,답십리1동,62.05384242036735,0.10089968333333331,3537697.272727273,0.18,37.70318181818182
동대문구,답십리2동,62.05384242036735,0.10089968333333331,3051676.772727273,0.2,31.734545454545454
동대문구,용신동,62.05384242036735,0.10089968333333331,2910634.0,0.21,29.887727272727272
동대문구,이문1동,62.05384242036735,0.10089968333333331,2983310.1363636362,0.21136363636363634,30.578181818181818
동대문구,이문2동,62.05384242036735,0.10089968333333331,3160190.3181818184,0.19863636363636364,32.92045454545455
동대문구,장안1동,62.05384242036735,0.10089968333333331,2878074.727272727,0.21863636363636363,29.229090909090907
동대문구,장안2동,62.05384242036735,0.10089968333333331,2945898.227272727,0.20863636363636362,30.304999999999996
동대문구,전농1동,62.05384242036735,0.10089968333333331,3072795.272727273,0.2,31.951818181818183
동대문구,전농2동,62.05384242036735,0.10089968333333331,3155037.5454545454,0.19863636363636364,32.865
동대문구,제기동,62.05384242036735,0.10089968333333331,2812514.227272727,0.21863636363636363,28.56772727272727
동대문구,청량리동,62.05384242036735,0.10089968333333331,2867107.9545454546,0.21863636363636363,29.12
동대문구,회기동,62.05384242036735,0.10089968333333331,3239506.6818181816,0.18863636363636366,34.164545454545454
동대문구,휘경1동,62.05384242036735,0.10089968333333331,2744140.9545454546,0.22863636363636364,27.514545454545456
동대문구,휘경2동,62.05384242036735,0.10089968333333331,3088449.1363636362,0.19863636363636364,32.17181818181818
동작구,노량진1동,68.89289671607968,0.11332378333333332,3611681.3636363638,0.18863636363636366,38.088181818181816
동작구,노량진2동,68.89289671607968,0.11332378333333332,2426258.909090909,0.28863636363636364,22.43409090909091
동작구,대방동,68.89289671607968,0.11332378333333332,3546524.1363636362,0.19863636363636364,36.941818181818185
동작구,사당1동,68.89289671607968,0.11332378333333332,2877732.0454545454,0.23863636363636365,28.47681818181818
동작구,사당2동,68.89289671607968,0.11332378333333332,3925606.3636363638,0.17727272727272728,41.98227272727273
동작구,사당3동,68.89289671607968,0.11332378333333332,3898840.409090909,0.17863636363636362,41.623636363636365
동작구,사당4동,68.89289671607968,0.11332378333333332,2868283.909090909,0.23863636363636365,28.38181818181818
동작구,사당5동,68.89289671607968,0.11332378333333332,3080428.227272727,0.22727272727272727,30.94454545454545
동작구,상도1동,68.89289671607968,0.11332378333333332,3904247.227272727,0.17863636363636362,41.68363636363637
동작구,상도2동,68.89289671607968,0.11332378333333332,3824836.5454545454,0.18,40.76090909090909
동작구,상도3동,68.89289671607968,0.11332378333333332,2597503.8181818184,0.26727272727272733,24.74136363636364
동작구,상도4동,68.89289671607968,0.11332378333333332,2582291.3636363638,0.2686363636363636,24.54909090909091
동작구,신대방1동,68.89289671607968,0.11332378333333332,3861483.272727273,0.17863636363636362,41.22545454545454
동작구,신대방2동,68.89289671607968,0.11332378333333332,3374176.8636363638,0.20727272727272725,34.77590909090909
동작구,흑석동,68.89289671607968,0.11332378333333332,4214507.909090909,0.16136363636363638,45.941818181818185
마포구,공덕동,76.6541386318927,0.11862645,4064629.5,0.18863636363636366,42.86227272727273
마포구,대흥동,76.6541386318927,0.11862645,3436068.8181818184,0.22,34.83272727272727
마포구,도화동,76.6541386318927,0.11862645,4228295.318181818,0.18,45.065909090909095
마포구,망원1동,76.6541386318927,0.11862645,2803569.6363636362,0.27,26.599545454545456
마포구,망원2동,76.6541386318927,0.11862645,2934356.5454545454,0.25863636363636366,28.280454545454543
마포구,상암동,76.6541386318927,0.11862645,4188127.909090909,0.18,44.63636363636363
마포구,서강동,76.6541386318927,0.11862645,4359385.681818182,0.17863636363636362,46.53909090909091
마포구,서교동,76.6541386318927,0.11862645,3241121.5454545454,0.23727272727272727,32.13636363636363
마포구,성산1동,76.6541386318927,0.11862645,2833842.1818181816,0.2686363636363636,26.943181818181817
마포구,성산2동,76.6541386318927,0.11862645,3550426.090909091,0.21863636363636363,36.06
마포구,신수동,76.6541386318927,0.11862645,4157617.5454545454,0.18,44.31
마포구,아현동,76.6541386318927,0.11862645,5249383.409090909,0.14863636363636365,58.08636363636364
마포구,연남동,76.6541386318927,0.11862645,2993010.4545454546,0.25863636363636366,28.838636363636365
마포구,염리동,76.6541386318927,0.11862645,3991227.590909091,0.19272727272727275,41.8890909090909
마포구,용강동,76.6541386318927,0.11862645,4799848.409090909,0.16,52.39909090909091
마포구,합정동,76.6541386318927,0.11862645,3214532.1818181816,0.23863636363636365,31.812272727272727
서대문구,남가좌1동,69.41306280814938,0.1115955,4525237.2727272725,0.15409090909090908,49.78409090909091
서대문구,남가좌2동,69.41306280814938,0.1115955,3234570.6363636362,0.21136363636363634,33.15136363636364
서대문구,북가좌1동,69.41306280814938,0.1115955,4027248.5,0.17,43.44590909090909
서대문구,북가좌2동,69.41306280814938,0.1115955,2609366.9545454546,0.26727272727272733,24.854090909090907
서대문구,북아현동,69.41306280814938,0.1115955,4194837.7272727275,0.16863636363636367,45.32636363636363
서대문구,신촌동,69.41306280814938,0.1115955,3354058.272727273,0.20863636363636362,34.500454545454545
서대문구,연희동,69.41306280814938,0.1115955,3404274.727272727,0.20863636363636362,35.01409090909091
서대문구,천연동,69.41306280814938,0.1115955,4218532.409090909,0.16863636363636367,45.582727272727276
서대문구,충현동,69.41306280814938,0.1115955,3224211.0,0.21863636363636363,32.74045454545455
서대문구,홍은1동,69.41306280814938,0.1115955,3096123.727272727,0.22,31.383181818181814
서대문구,홍은2동,69.41306280814938,0.1115955,2889239.3636363638,0.23863636363636365,28.58909090909091
서대문구,홍제1동,69.41306280814938,0.1115955,3454582.3636363638,0.2,35.92227272727273
서대문구,홍제2동,69.41306280814938,0.1115955,3690049.1818181816,0.18863636363636366,38.91681818181818
서대문구,홍제3동,69.41306280814938,0.1115955,2835261.6818181816,0.24727272727272728,27.745
서초구,내곡동,130.78553628848013,0.1350555762711864,3962951.3181818184,0.3281818181818182,34.66136363636364
서초구,반포1동,130.78553628848013,0.1350555762711864,5346845.181818182,0.24863636363636363,52.218636363636364
서초구,반포2동,130.78553628848013,0.1350555762711864,6799040.454545454,0.18999999999999997,71.57954545454545
서초구,반포3동,130.78553628848013,0.1350555762711864,6156143.454545454,0.21,63.208181818181814
서초구,반포4동,130.78553628848013,0.1350555762711864,5311300.909090909,0.24863636363636363,51.86818181818182
서초구,반포본동,130.78553628848013,0.1350555762711864,5649345.2727272725,0.22863636363636364,56.641818181818174
서초구,방배1동,130.78553628848013,0.1350555762711864,4103965.6363636362,0.3172727272727273,36.42090909090909
서초구,방배2동,130.78553628848013,0.1350555762711864,3869160.8636363638,0.34,33.19090909090909
서초구,방배3동,130.78553628848013,0.1350555762711864,4705266.818181818,0.2786363636363637,44.11818181818182
서초구,방배4동,130.78553628848013,0.1350555762711864,4573937.363636363,0.28863636363636364,42.29045454545455
서초구,방배본동,130.78553628848013,0.1350555762711864,4902175.181818182,0.26727272727272733,46.691818181818185
서초구,서초1동,130.78553628848013,0.1350555762711864,4805987.909090909,0.2686363636363636,45.68909090909091
서초구,서초2동,130.78553628848013,0.1350555762711864,5242544.954545454,0.24863636363636363,51.20090909090909
서초구,서초3동,130.78553628848013,0.1350555762711864,4724366.7272727275,0.2772727272727273,44.391363636363636
서초구,서초4동,130.78553628848013,0.1350555762711864,6512652.681818182,0.19863636363636364,67.83727272727273
서초구,양재1동,130.78553628848013,0.1350555762711864,4185778.4545454546,0.31,37.54181818181818
서초구,양재2동,130.78553628848013,0.1350555762711864,3244764.4545454546,0.40727272727272723,25.00181818181818
서초구,잠원동,130.78553628848013,0.1350555762711864,5487167.7272727275,0.23863636363636365,54.30318181818182
성동구,금호1가동,97.05582213205145,0.11359356666666659,3961541.909090909,0.2440909090909091,38.93636363636364
성동구,금호2·3가동,97.05582213205145,0.11359356666666659,3777228.1363636362,0.25863636363636366,36.39772727272727
성동구,금호4가동,97.05582213205145,0.11359356666666659,4438848.363636363,0.22,44.99727272727273
성동구,마장동,97.05582213205145,0.11359356666666659,3046770.590909091,0.3172727272727273,27.042727272727276
성동구,사근동,97.05582213205145,0.11359356666666659,3133200.772727273,0.30727272727272725,28.220000000000002
성동구,성수1가1동,97.05582213205145,0.11359356666666659,3891691.090909091,0.24863636363636363,38.00545454545454
성동구,성수1가2동,97.05582213205145,0.11359356666666659,3277521.227272727,0.2986363636363636,29.879545454545454
성동구,성수2가1동,97.05582213205145,0.11359356666666659,2922564.909090909,0.32863636363636367,25.50409090909091
성동구,성수2가3동,97.05582213205145,0.11359356666666659,3375782.8181818184,0.28863636363636364,31.212272727272726
성동구,송정동,97.05582213205145,0.11359356666666659,2581110.0454545454,0.3772727272727273,20.89272727272727
성동구,옥수동,97.05582213205145,0.11359356666666659,4854945.045454546,0.2,50.48227272727272
성동구,왕십리2동,97.05582213205145,0.11359356666666659,3485960.227272727,0.2786363636363637,32.685
성동구,왕십리도선동,97.05582213205145,0.11359356666666659,4034247.5454545454,0.23863636363636365,39.92318181818182
성동구,용답동,97.05582213205145,0.11359356666666659,2488499.1818181816,0.39,19.732727272727274
성동구,응봉동,97.05582213205145,0.11359356666666659,3886597.5454545454,0.24863636363636363,37.95636363636363
성동구,행당1동,97.05582213205145,0.11359356666666659,3873475.9545454546,0.2513636363636364,37.68863636363637
성동구,행당2동,97.05582213205145,0.11359356666666659,4433998.954545454,0.21863636363636363,45.02818181818182
성북구,길음1동,64.83757547784224,0.0980423333333333,4479699.181818182,0.14863636363636365,49.57272727272727
성북구,길음2동,64.83757547784224,0.0980423333333333,3729624.5,0.17136363636363636,40.165
성북구,돈암1동,64.83757547784224,0.0980423333333333,3598843.409090909,0.18,38.357727272727274
성북구,돈암2동,64.83757547784224,0.0980423333333333,4320425.818181818,0.15,47.73227272727272
성북구,동선동,64.83757547784224,0.0980423333333333,2848276.3636363638,0.22727272727272727,28.610454545454548
성북구,보문동,64.83757547784224,0.0980423333333333,3156843.5,0.21,32.41136363636363
성북구,삼선동,64.83757547784224,0.0980423333333333,3076270.8636363638,0.20863636363636362,31.64090909090909
성북구,석관동,64.83757547784224,0.0980423333333333,2858947.272727273,0.23,28.60818181818182
성북구,성북동,64.83757547784224,0.0980423333333333,3497185.3636363638,0.18863636363636366,36.88363636363636
성북구,안암동,64.83757547784224,0.0980423333333333,2914748.772727273,0.21863636363636363,29.6
성북구,월곡1동,64.83757547784224,0.0980423333333333,3309696.6818181816,0.19863636363636364,34.472272727272724
성북구,월곡2동,64.83757547784224,0.0980423333333333,3158082.5,0.20863636363636362,32.484545454545454
성북구,장위1동,64.83757547784224,0.0980423333333333,2244035.1363636362,0.28863636363636364,20.75136363636364
성북구,장위2동,64.83757547784224,0.0980423333333333,2399936.772727273,0.2713636363636364,22.731363636363636
성북구,장위3동,64.83757547784224,0.0980423333333333,3100056.090909091,0.21136363636363634,31.775
성북구,정릉1동,64.83757547784224,0.0980423333333333,3354452.3636363638,0.18999999999999997,35.317727272727275
성북구,정릉2동,64.83757547784224,0.0980423333333333,2949554.8636363638,0.21863636363636363,29.954545454545453
성북구,정릉3동,64.83757547784224,0.0980423333333333,2501548.409090909,0.25863636363636366,24.10909090909091
성북구,정릉4동,64.83757547784224,0.0980423333333333,3057715.1818181816,0.20863636363636362,31.456363636363633
성북구,종암동,64.83757547784224,0.0980423333333333,3403516.272727273,0.18863636363636366,35.890454545454546
송파구,가락1동,90.46268335618164,0.1170975833333333,4862926.863636363,0.18545454545454546,51.53454545454545
송파구,가락2동,90.46268335618164,0.1170975833333333,3939914.3636363638,0.22863636363636364,39.5009090909091
송파구,가락본동,90.46268335618164,0.1170975833333333,3551720.0,0.25727272727272726,34.29272727272727
송파구,거여1동,90.46268335618164,0.1170975833333333,2802043.5,0.3186363636363636,24.814999999999998
송파구,거여2동,90.46268335618164,0.1170975833333333,3052748.5,0.2986363636363636,27.83318181818182
송파구,마천1동,90.46268335618164,0.1170975833333333,2443237.4545454546,0.3686363636363636,20.046363636363637
송파구,마천2동,90.46268335618164,0.1170975833333333,2349298.1363636362,0.38863636363636367,18.67
송파구,문정1동,90.46268335618164,0.1170975833333333,3594240.0454545454,0.24863636363636363,35.09909090909091
송파구,문정2동,90.46268335618164,0.1170975833333333,4490652.545454546,0.19727272727272727,46.86954545454546
송파구,방이1동,90.46268335618164,0.1170975833333333,3989744.9545454546,0.22863636363636364,40.00454545454546
송파구,방이2동,90.46268335618164,0.1170975833333333,2942176.1363636362,0.30863636363636365,26.438636363636363
송파구,삼전동,90.46268335618164,0.1170975833333333,2799004.909090909,0.32727272727272727,24.47863636363636
송파구,석촌동,90.46268335618164,0.1170975833333333,2942900.5,0.30863636363636365,26.44818181818182
송파구,송파1동,90.46268335618164,0.1170975833333333,3152745.0,0.28727272727272724,29.214090909090906
송파구,송파2동,90.46268335618164,0.1170975833333333,4385689.5,0.20863636363636362,45.11045454545455
송파구,오금동,90.46268335618164,0.1170975833333333,3532457.409090909,0.25863636363636366,34.04409090909091
송파구,오륜동,90.46268335618164,0.1170975833333333,6146741.863636363,0.14863636363636365,68.02454545454545
송파구,위례동,90.46268335618164,0.1170975833333333,3935922.1818181816,0.24454545454545454,39.18727272727273
송파구,잠실2동,90.46268335618164,0.1170975833333333,6376915.7727272725,0.14,71.28136363636364
송파구,잠실3동,90.46268335618164,0.1170975833333333,5469089.818181818,0.16863636363636367,59.095454545454544
송파구,잠실4동,90.46268335618164,0.1170975833333333,5975484.045454546,0.15136363636363637,65.9090909090909
송파구,잠실6동,90.46268335618164,0.1170975833333333,5266176.545454546,0.17,56.80681818181818
송파구,잠실7동,90.46268335618164,0.1170975833333333,6047933.954545454,0.14863636363636365,66.93
송파구,잠실본동,90.46268335618164,0.1170975833333333,3103336.272727273,0.28863636363636364,28.69818181818182
송파구,장지동,90.46268335618164,0.1170975833333333,3282800.6363636362,0.2786363636363637,30.781363636363633
송파구,풍납1동,90.46268335618164,0.1170975833333333,3018958.0454545454,0.3,27.470909090909092
송파구,풍납2동,90.46268335618164,0.1170975833333333,3913709.272727273,0.22863636363636364,39.24181818181818
양천구,목1동,77.4748381956331,0.1263008166666666,5689952.045454546,0.13863636363636364,63.70181818181818
양천구,목2동,77.4748381956331,0.1263008166666666,3260740.0,0.23863636363636365,32.26545454545454
양천구,목3동,77.4748381956331,0.1263008166666666,3105609.0,0.25,30.268181818181816
양천구,목4동,77.4748381956331,0.1263008166666666,3450270.272727273,0.22863636363636364,34.597272727272724
양천구,목5동,77.4748381956331,0.1263008166666666,6033065.2272727275,0.12863636363636363,68.33318181818181
양천구,신월1동,77.4748381956331,0.1263008166666666,2240717.5454545454,0.34727272727272723,19.016363636363636
양천구,신월2동,77.4748381956331,0.1263008166666666,2746361.0454545454,0.2786363636363637,25.750454545454545
양천구,신월3동,77.4748381956331,0.1263008166666666,2163650.9545454546,0.35863636363636364,18.035
양천구,신월4동,77.4748381956331,0.1263008166666666,2655998.3636363638,0.28863636363636364,24.555909090909093
양천구,신월5동,77.4748381956331,0.1263008166666666,2627821.3636363638,0.2986363636363636,23.959545454545456
양천구,신월6동,77.4748381956331,0.1263008166666666,2860593.272727273,0.27,27.141363636363636
양천구,신월7동,77.4748381956331,0.1263008166666666,2353937.227272727,0.32863636363636367,20.539545454545454
양천구,신정1동,77.4748381956331,0.1263008166666666,5078641.0,0.15,56.10727272727272
양천구,신정2동,77.4748381956331,0.1263008166666666,4746416.863636363,0.16,51.82045454545455
양천구,신정3동,77.4748381956331,0.1263008166666666,3176812.6363636362,0.24863636363636363,31.02318181818182
양천구,신정4동,77.4748381956331,0.1263008166666666,2629735.090909091,0.2972727272727273,24.020909090909086
양천구,신정6동,77.4748381956331,0.1263008166666666,5417457.2727272725,0.14,60.54954545454545
양천구,신정7동,77.4748381956331,0.1263008166666666,4103676.727272727,0.18999999999999997,43.198181818181816
영등포구,당산1동,69.8594780002649,0.12185359999999999,3553256.0,0.19863636363636364,37.01
영등포구,당산2동,69.8594780002649,0.12185359999999999,4153663.9545454546,0.16863636363636367,44.88181818181818
영등포구,대림1동,69.8594780002649,0.12185359999999999,2588637.5454545454,0.27,24.558636363636364
영등포구,대림2동,69.8594780002649,0.12185359999999999,2705280.3181818184,0.25863636363636366,26.07318181818182
영등포구,대림3동,69.8594780002649,0.12185359999999999,2924044.090909091,0.23863636363636365,28.932727272727274
영등포구,도림동,69.8594780002649,0.12185359999999999,3057429.3636363638,0.22863636363636364,30.656363636363633
영등포구,문래동,69.8594780002649,0.12185359999999999,4051743.1363636362,0.16863636363636367,43.78409090909091
영등포구,신길1동,69.8594780002649,0.12185359999999999,2799298.6818181816,0.24863636363636363,27.34
영등포구,신길3동,69.8594780002649,0.12185359999999999,3077314.727272727,0.23,30.798181818181817
영등포구,신길4동,69.8594780002649,0.12185359999999999,2728743.1818181816,0.25863636363636366,26.295454545454547
영등포구,신길5동,69.8594780002649,0.12185359999999999,2660070.6363636362,0.26,25.58409090909091
영등포구,신길6동,69.8594780002649,0.12185359999999999,2978227.227272727,0.23727272727272727,29.533636363636365
영등포구,신길7동,69.8594780002649,0.12185359999999999,3638073.5,0.18999999999999997,38.301818181818184
영등포구,양평1동,69.8594780002649,0.12185359999999999,3519901.1818181816,0.19863636363636364,36.6640909090909
영등포구,양평2동,69.8594780002649,0.12185359999999999,3689364.3181818184,0.18863636363636366,38.90954545454545
영등포구,여의동,69.8594780002649,0.12185359999999999,5634526.590909091,0.12863636363636363,63.818636363636365
영등포구,영등포동,69.8594780002649,0.12185359999999999,3597857.272727273,0.19863636363636364,37.475909090909084
영등포구,영등포본동,69.8594780002649,0.12185359999999999,3300600.227272727,0.21,33.89181818181818
용산구,남영동,93.66970885855973,0.1534738076923077,3200330.6363636362,0.28863636363636364,29.58818181818182
용산구,보광동,93.66970885855973,0.1534738076923077,2555195.0454545454,0.3686363636363636,20.965454545454545
용산구,서빙고동,93.66970885855973,0.1534738076923077,4226280.545454546,0.22,42.848636363636366
용산구,용문동,93.66970885855973,0.1534738076923077,3582435.5,0.26,34.459545454545456
용산구,용산2가동,93.66970885855973,0.1534738076923077,2550571.909090909,0.3686363636363636,20.930909090909093
용산구,원효로1동,93.66970885855973,0.1534738076923077,4455152.454545454,0.21,45.745000000000005
용산구,원효로2동,93.66970885855973,0.1534738076923077,3835897.5,0.24863636363636363,37.46363636363637
용산구,이촌1동,93.66970885855973,0.1534738076923077,6009053.909090909,0.15863636363636366,65.71090909090908
용산구,이촌2동,93.66970885855973,0.1534738076923077,3608257.272727273,0.25863636363636366,34.77136363636364
용산구,이태원1동,93.66970885855973,0.1534738076923077,3690051.772727273,0.25,35.969545454545454
용산구,이태원2동,93.66970885855973,0.1534738076923077,3274711.5454545454,0.28863636363636364,30.276818181818182
용산구,청파동,93.66970885855973,0.1534738076923077,2630331.0454545454,0.35727272727272724,21.97681818181818
용산구,한강로동,93.66970885855973,0.1534738076923077,4976013.2727272725,0.18863636363636366,52.47318181818182
용산구,한남동,93.66970885855973,0.1534738076923077,4395487.454545454,0.21,45.12863636363636
용산구,효창동,93.66970885855973,0.1534738076923077,3538486.272727273,0.2686363636363636,33.63863636363636
용산구,후암동,93.66970885855973,0.1534738076923077,3032383.6363636362,0.30863636363636365,27.253636363636364
은평구,갈현1동,55.48233722150059,0.1068565833333333,2493416.409090909,0.22,25.27409090909091
은평구,갈현2동,55.48233722150059,0.1068565833333333,2557165.772727273,0.21863636363636363,25.969090909090905
은평구,구산동,55.48233722150059,0.1068565833333333,2622098.272727273,0.20863636363636362,26.972272727272728
은평구,녹번동,55.48233722150059,0.1068565833333333,3042495.0454545454,0.18136363636363637,32.375
은평구,대조동,55.48233722150059,0.1068565833333333,2552935.1363636362,0.21863636363636363,25.929090909090906
은평구,불광1동,55.48233722150059,0.1068565833333333,3214790.6818181816,0.16863636363636367,34.74363636363636
은평구,불광2동,55.48233722150059,0.1068565833333333,2408994.5454545454,0.22863636363636364,24.150454545454547
은평구,수색동,55.48233722150059,0.1068565833333333,3257468.090909091,0.17,35.13818181818182
은평구,신사1동,55.48233722150059,0.1068565833333333,2651358.772727273,0.20863636363636362,27.270909090909086
은평구,신사2동,55.48233722150059,0.1068565833333333,2651464.5454545454,0.20863636363636362,27.27409090909091
은평구,역촌동,55.48233722150059,0.1068565833333333,2536324.1818181816,0.21863636363636363,25.762272727272727
은평구,응암1동,55.48233722150059,0.1068565833333333,2741629.772727273,0.2,28.51090909090909
은평구,응암2동,55.48233722150059,0.1068565833333333,3521988.909090909,0.15863636363636366,38.51227272727272
은평구,응암3동,55.48233722150059,0.1068565833333333,2375460.5454545454,0.23863636363636365,23.508181818181814
은평구,증산동,55.48233722150059,0.1068565833333333,2861405.3181818184,0.19727272727272727,29.85636363636364
은평구,진관동,55.48233722150059,0.1068565833333333,4096879.8181818184,0.13863636363636364,45.86681818181818
종로구,가회동,73.68943106145699,0.12633845,3496934.1818181816,0.20863636363636362,35.97
종로구,교남동,73.68943106145699,0.12633845,4617061.545454546,0.16,50.41136363636363
종로구,무악동,73.68943106145699,0.12633845,5135089.7727272725,0.14,57.40090909090909
종로구,부암동,73.68943106145699,0.12633845,3659779.0,0.2,38.058181818181815
종로구,사직동,73.68943106145699,0.12633845,5035135.5,0.14863636363636365,55.71545454545455
종로구,삼청동,73.68943106145699,0.12633845,3487473.0454545454,0.20863636363636362,35.87772727272728
종로구,숭인1동,73.68943106145699,0.12633845,2890512.5454545454,0.25727272727272726,27.90909090909091
종로구,숭인2동,73.68943106145699,0.12633845,2617474.3181818184,0.28,24.495454545454546
종로구,이화동,73.68943106145699,0.12633845,3048452.3181818184,0.23863636363636365,30.16772727272727
종로구,종로1·2·3·4가동,73.68943106145699,0.12633845,3259582.6818181816,0.22863636363636364,32.683181818181815
종로구,종로5·6가동,73.68943106145699,0.12633845,2534231.5454545454,0.29,23.38590909090909
종로구,창신1동,73.68943106145699,0.12633845,2401471.409090909,0.30863636363636365,21.577272727272728
종로구,창신2동,73.68943106145699,0.12633845,2121908.090909091,0.34863636363636363,17.96590909090909
종로구,창신3동,73.68943106145699,0.12633845,3020969.5,0.24863636363636363,29.500454545454545
종로구,청운효자동,73.68943106145699,0.12633845,3812329.090909091,0.19727272727272727,39.785909090909094
종로구,평창동,73.68943106145699,0.12633845,4538586.045454546,0.16,49.54772727272727
종로구,혜화동,73.68943106145699,0.12633845,3352052.090909091,0.21863636363636363,34.04363636363637
중구,광희동,80.48717202688931,0.1336024333333333,3270397.3181818184,0.24727272727272728,32.00227272727273
중구,다산동,80.48717202688931,0.1336024333333333,2690870.8181818184,0.2986363636363636,24.529999999999998
중구,동화동,80.48717202688931,0.1336024333333333,3632958.727272727,0.22,36.82863636363636
중구,명동,80.48717202688931,0.1336024333333333,3743043.4545454546,0.21863636363636363,38.013636363636365
중구,소공동,80.48717202688931,0.1336024333333333,5408167.7727272725,0.14863636363636365,59.845
중구,신당5동,80.48717202688931,0.1336024333333333,3044309.5,0.2686363636363636,28.94
중구,신당동,80.48717202688931,0.1336024333333333,2823548.8636363638,0.28863636363636364,26.103181818181817
중구,약수동,80.48717202688931,0.1336024333333333,3911675.1363636362,0.20863636363636362,40.23409090909092
중구,을지로동,80.48717202688931,0.1336024333333333,3047467.4545454546,0.2640909090909091,29.16181818181818
중구,장충동,80.48717202688931,0.1336024333333333,2919677.272727273,0.2772727272727273,27.42954545454546
중구,중림동,80.48717202688931,0.1336024333333333,4449034.909090909,0.18,47.41909090909091
중구,청구동,80.48717202688931,0.1336024333333333,3581554.3636363638,0.22863636363636364,35.908181818181816
중구,필동,80.48717202688931,0.1336024333333333,3039979.3181818184,0.2686363636363636,28.900000000000002
중구,황학동,80.48717202688931,0.1336024333333333,3258271.6818181816,0.24863636363636363,31.820909090909094
중구,회현동,80.48717202688931,0.1336024333333333,4458846.136363637,0.18,47.52454545454545
중랑구,망우3동,48.18907559829661,0.10376684999999998,2239734.0,0.21863636363636363,22.74818181818182
중랑구,망우본동,48.18907559829661,0.10376684999999998,2456889.4545454546,0.19863636363636364,25.59272727272727
중랑구,면목2동,48.18907559829661,0.10376684999999998,2335555.4545454546,0.20863636363636362,24.02136363636364
중랑구,면목3·8동,48.18907559829661,0.10376684999999998,2366141.772727273,0.20863636363636362,24.338181818181816
중랑구,면목4동,48.18907559829661,0.10376684999999998,2584393.8636363638,0.18863636363636366,27.25090909090909
중랑구,면목5동,48.18907559829661,0.10376684999999998,2245003.8636363638,0.21863636363636363,22.802272727272726
중랑구,면목7동,48.18907559829661,0.10376684999999998,2667584.409090909,0.18,28.42681818181818
중랑구,면목본동,48.18907559829661,0.10376684999999998,2346607.5,0.20863636363636362,24.133181818181814
중랑구,묵1동,48.18907559829661,0.10376684999999998,3137701.9545454546,0.15,34.66681818181818
중랑구,묵2동,48.18907559829661,0.10376684999999998,2545631.5,0.18863636363636366,26.849090909090908
중랑구,상봉1동,48.18907559829661,0.10376684999999998,2994910.6363636362,0.15863636363636366,32.75
중랑구,상봉2동,48.18907559829661,0.10376684999999998,2588420.227272727,0.18863636363636366,27.29409090909091
중랑구,신내1동,48.18907559829661,0.10376684999999998,2795908.6818181816,0.17,30.156363636363633
중랑구,신내2동,48.18907559829661,0.10376684999999998,3087971.772727273,0.15863636363636366,33.76727272727272
중랑구,중화1동,48.18907559829661,0.10376684999999998,2537564.3181818184,0.18863636363636366,26.762727272727272
중랑구,중화2동,48.18907559829661,0.10376684999999998,2264009.590909091,0.21,23.24772727272727
